Date,Average Temperature (ºF),Average Dew Point (ºF),Average Humidity (%),Maximum Wind Speed (mph),Average Wind Speed (mph),Average Pressure (inHg),Precipitation (in)
5/1/15,58.6,52.7,81.6,16,6.4,29.9,0
5/2/15,55.4,49.7,82.2,18,5.5,29.9,0
5/3/15,57.5,49.4,75.1,17,7.7,29.9,0
5/4/15,59,49,70.2,14,7.2,29.9,0
5/5/15,59.2,48.3,67.7,12,6.3,29.9,0
5/6/15,58.1,45.5,64.3,17,6.4,29.9,0
5/7/15,55.8,45.6,69.3,23,9.8,29.8,0
5/8/15,56.8,47.9,72.6,16,5.8,29.9,0
5/9/15,57.3,48.6,73.9,14,5.1,30,0
5/10/15,59.3,50.9,75.1,14,5.2,29.9,0
5/11/15,60.5,52.9,76.6,9,5.2,29.9,0
5/12/15,59.8,45.8,61.4,13,5.5,29.9,0
5/13/15,59.9,45.8,60.4,14,6.7,29.9,0
5/14/15,57.4,48.4,72.8,15,5.3,29.9,0
5/15/15,60.5,48.4,66.4,15,5.8,29.8,0.32
5/16/15,59.4,50,71.8,15,6.2,29.9,0
5/17/15,58.5,50.8,77,12,4.2,30,0
5/18/15,62.5,46.4,57.3,21,7.7,30,0
5/19/15,61.9,47.8,60.8,13,5.9,30,0
5/20/15,61.5,49.3,64.7,15,5.3,29.9,0
5/21/15,59.8,48.8,67.6,20,8.6,29.9,0
5/22/15,61.8,49.7,64.9,21,9.5,30,0
5/23/15,61.3,49.4,66,12,5,30,0
5/24/15,60.5,50.3,70.1,14,6.2,30,0
5/25/15,59.9,52.3,76.4,14,5.8,29.9,0
5/26/15,58.6,51.8,78.6,13,5.9,30,0
5/27/15,61,53.4,77,13,7,30,0
5/28/15,59.5,53.4,81.1,12,6,29.9,0
5/29/15,59.7,54.8,84.4,12,6.3,29.9,0
5/30/15,59,54.9,87,10,5.7,29.9,0
5/31/15,58.1,53.8,86.2,14,6.2,29.9,0
6/1/15,59.7,53.7,80.9,12,6.7,30,0
6/2/15,60.9,55.7,83.8,12,5.3,29.9,0
6/3/15,61.1,53.9,78.3,12,5.8,29.9,0
6/4/15,63.7,50.8,63.5,12,4.8,29.8,0
6/5/15,60.4,52.1,74.9,14,6.4,29.8,0
6/6/15,60.5,54,79.8,13,5.3,29.9,0
6/7/15,62.4,55.9,79.9,12,6.9,29.8,0
6/8/15,61.7,57.5,86.9,12,6.3,29.8,0
6/9/15,61.4,59.4,93.2,10,4.7,29.8,0
6/10/15,65.2,61.1,86.7,13,7.3,29.9,0.3
6/11/15,62.6,59.4,89.8,13,6.4,29.8,0
6/12/15,62.3,58.1,86.5,12,4.8,29.8,0
6/13/15,63,58.4,85.7,13,5.3,29.8,0
6/14/15,62.2,57.9,86.2,14,7.2,29.8,0
6/15/15,63.3,57.2,81.2,9,5.6,29.8,0
6/16/15,63.8,56.6,78.4,9,6.2,29.9,0
6/17/15,63,57,81.1,10,5.2,29.9,0
6/18/15,62.1,56.8,83.5,9,5.3,29.9,0
6/19/15,64.2,57.3,79.4,10,4.5,29.8,0
6/20/15,66.2,56.9,72.7,8,4.8,29.8,0
6/21/15,65.5,57.7,76.3,12,5.2,29.9,0
6/22/15,65,56.1,73.9,9,4.5,29.9,0
6/23/15,66.8,56.3,70,12,5.4,29.9,0
6/24/15,67.2,56.4,69.8,10,5,29.9,0
6/25/15,62.4,56.8,82.4,13,4.8,29.9,0
6/26/15,62.6,57.1,82.6,14,6.9,29.9,0
6/27/15,64,57.4,79.7,13,6.1,29.9,0
6/28/15,68.2,58.9,73.5,9,5,29.9,0
6/29/15,68.2,58.9,73.4,10,4.9,29.9,0
6/30/15,68,59.4,75,14,6,29.9,0
7/1/15,65.7,59.8,81.9,10,5.1,29.9,0
7/2/15,66.5,60,80.4,16,6.9,29.9,0
7/3/15,64.9,59.5,83.1,13,6.7,29.9,0
7/4/15,65.9,59.1,79.4,16,7.8,29.9,0
7/5/15,65,58.5,79.8,13,7.2,29.9,0
7/6/15,65.3,58.9,80,10,6.5,30,0
7/7/15,66.5,59.3,77.8,10,6,29.9,0
7/8/15,67,58.4,74.4,12,5.4,29.8,0
7/9/15,65.3,56.1,73.3,16,6.9,29.9,0
7/10/15,65.8,57.2,74.6,13,7,29.9,0
7/11/15,68.1,57.5,70.3,12,5.2,29.9,0
7/12/15,69.9,59.1,69.8,10,6.5,29.9,0
7/13/15,70.7,58.2,65.6,15,6,29.9,0
7/14/15,68.4,59.7,74.5,12,6,29.8,0
7/15/15,67.8,59.1,74.2,14,7.1,29.9,0
7/16/15,65.8,58.8,78.8,13,6.8,29.9,0
7/17/15,64.4,56.9,76.8,14,4.9,29.8,0
7/18/15,67.1,57.5,72.4,13,4.7,29.9,0
7/19/15,76.5,64.5,68,10,4.7,30,0
7/20/15,75,67.1,76.8,14,5,29.9,0.01
7/21/15,70.9,66.2,85.4,14,5.5,29.9,0
7/22/15,69.3,62.8,79.9,12,4.2,29.9,0
7/23/15,69.3,62.9,80.3,10,4.2,29.9,0
7/24/15,70.2,61.7,75.7,10,5.4,30,0
7/25/15,71.1,62,74.2,13,5.7,29.9,0
7/26/15,71.3,61.3,71.9,12,6.4,29.9,0
7/27/15,68.4,60.6,76.6,12,6.4,29.9,0
7/28/15,65.9,60,81.6,15,5.5,29.9,0
7/29/15,66.3,60.7,82.7,15,6.5,29.9,0
7/30/15,69.3,61.4,76.8,9,4.5,30,0
7/31/15,70.3,63,78.1,12,5.1,30,0
8/1/15,69.9,62.9,79,9,6.5,29.9,0
8/2/15,72,62.2,72.3,10,5.4,29.8,0
8/3/15,73.5,59.8,63.9,14,6.2,29.8,0
8/4/15,74.2,58.7,59.9,17,6.7,29.9,0
8/5/15,72.3,60.8,68.1,9,5.9,29.9,0
8/6/15,69.5,62.4,78.7,8,5.3,29.8,0
8/7/15,67.6,60.5,78.8,13,6.5,29.9,0
8/8/15,67.2,58.6,74.8,12,6,29.9,0
8/9/15,66.8,59.3,77.8,14,6.4,29.9,0
8/10/15,67.5,59.1,75.2,14,5.6,29.9,0
8/11/15,66.5,59.2,78.2,12,5.4,29.9,0
8/12/15,70.4,58.6,68.3,10,4.5,29.9,0
8/13/15,71.4,59,66.5,10,4.2,29.9,0
8/14/15,72.7,61.1,68,8,4.8,29.9,0
8/15/15,70.5,62.2,76.2,9,4.4,29.9,0
8/16/15,69.8,62.7,79.6,10,4.9,29.8,0
8/17/15,68.2,63.7,85.9,14,7.5,29.9,0
8/18/15,69.1,63.5,82.8,13,5.3,29.9,0
8/19/15,66.7,61.4,83.6,10,4.6,29.9,0
8/20/15,67.9,60.3,77.5,12,4.8,29.8,0
8/21/15,66.4,59.6,79.3,12,4.4,29.9,0
8/22/15,67.4,60.1,78.1,13,5.4,29.9,0
8/23/15,69.8,61.8,77,9,4.5,29.9,0
8/24/15,71.4,62.9,75.5,9,5.2,29.9,0
8/25/15,72.6,65,77.3,10,5.3,29.9,0
8/26/15,73.2,64.6,75.7,13,5,29.9,0
8/27/15,74.3,64.6,73.2,14,4.9,29.9,0
8/28/15,75.6,63,67,15,4.9,29.8,0
8/29/15,78.7,62.8,61.1,14,6,29.8,0
8/30/15,76.7,63,63.6,12,6,29.8,0
8/31/15,72.2,62.7,72.6,8,5.8,29.8,0
9/1/15,70,61.4,74.6,12,4.9,29.9,0
9/2/15,70,60.4,72.4,9,3.1,29.9,0
9/3/15,69.9,56.9,64.2,13,5,29.9,0
9/4/15,69.1,56,63.6,12,5.2,29.8,0
9/5/15,68.8,56.6,66.2,13,4.8,29.9,0
9/6/15,68.9,58.5,70.9,9,4.6,29.9,0
9/7/15,70.2,57.5,67.3,16,5.1,29.8,0
9/8/15,74,60.8,66,17,6.1,29.8,0
9/9/15,76.3,63.6,68.3,10,4.3,29.8,0
9/10/15,78.4,65.2,66.2,12,5.3,29.8,0
9/11/15,75.5,65.7,72.9,9,3.1,29.9,0
9/12/15,73.9,65.9,77.5,13,3.7,29.9,0
9/13/15,71.1,65.4,82.8,10,5.4,29.8,0
9/14/15,69.4,65.1,86.1,13,3.7,29.8,0
9/15/15,70.3,65.6,85.6,14,6.1,29.8,0.15
9/16/15,69.6,58.2,69.5,12,5,29.9,0.02
9/17/15,69.3,54,59.7,14,4.4,29.9,0
9/18/15,70.7,58.7,69,9,4.2,29.8,0
9/19/15,72.2,60,68.3,10,3.7,29.8,0
9/20/15,75.6,61.8,64.9,14,4.5,29.8,0
9/21/15,72.9,64.9,76.8,15,5,29.8,0
9/22/15,69.5,64.4,84,12,4.1,29.9,0
9/23/15,68.1,62.2,82.7,10,2.9,29.9,0
9/24/15,72.1,63,74,10,4.3,29.8,0
9/25/15,73,66.2,79.8,12,4.4,29.8,0
9/26/15,73.6,65.8,77.5,8,4.7,29.8,0
9/27/15,72.1,65.8,81.1,13,5.1,29.8,0
9/28/15,70.5,63.3,78.7,14,4.7,29.8,0
9/29/15,69.8,60.3,73.8,12,3.4,29.8,0
9/30/15,71.3,61.2,72.2,14,5.3,29.8,0
10/1/15,74.2,56.8,59.1,18,7.2,29.9,0
10/2/15,75.4,57.4,55.8,17,7.6,29.8,0
10/3/15,69.6,60.3,72.6,12,6.4,29.6,0
10/4/15,61.7,55.4,80.7,15,6,29.6,0
10/5/15,63.1,55.8,78.6,9,3.7,29.9,0.41
10/6/15,64.8,57.9,79.7,14,4,30,0
10/7/15,65.8,59.9,82.5,12,4.1,30,0
10/8/15,72.6,58.8,67.3,18,5.3,29.9,0
10/9/15,76.5,62.3,66.2,9,4.5,29.9,0
10/10/15,74.9,62.3,69,12,3.6,29.9,0
10/11/15,74,63.3,73.1,9,2.9,29.9,0
10/12/15,75.3,62.5,66,9,2.9,29.9,0
10/13/15,76.5,67.5,74.8,12,5.2,30,0
10/14/15,71.7,69.2,91.7,13,3.5,29.9,0
10/15/15,72.2,67.3,84.6,10,5.5,29.9,0.07
10/16/15,70.5,64.8,82.4,10,5.4,29.9,0
10/17/15,72,62.4,72.1,12,5,29.9,0
10/18/15,70.7,57.5,64.4,12,4.8,29.9,0
10/19/15,69.1,50.3,53.5,18,7.9,29.9,0
10/20/15,71.6,50.8,49.1,15,7.3,29.8,0
10/21/15,66.9,53.3,64.2,10,3,29.9,0
10/22/15,64,58.1,81.9,8,3.9,29.9,0
10/23/15,65,59.6,83.3,14,3.6,29.9,0
10/24/15,67.2,55.2,70.2,10,2.9,29.9,0
10/25/15,66.8,54.6,67.2,8,1.9,29.9,0
10/26/15,64.5,53.9,70.6,14,3.5,29.9,0
10/27/15,64.1,56.2,76.9,10,3.4,29.9,0
10/28/15,77.8,52.4,44.8,25,12,29.9,0
10/29/15,71.7,46.3,44.1,17,9,29.8,0
10/30/15,68.3,45.9,47.7,18,5,29.9,0
10/31/15,66.4,44.1,49.5,8,2.5,30,0
11/1/15,65.3,53.5,67.3,10,4.1,29.9,0
11/2/15,59.6,50.4,72.8,17,7.5,29.8,0
11/3/15,61.1,43.4,54.1,17,8.5,29.8,0.02
11/4/15,59.6,32.8,40.1,17,7.5,29.9,0
11/5/15,57.2,35.4,45.1,12,3.6,30.1,0
11/6/15,56.7,40.3,55.7,13,2.8,30.1,0
11/7/15,58.3,35.9,45.8,12,3.3,30,0
11/8/15,57,41,56.9,9,2.5,29.9,0
11/9/15,59.8,44.7,60.4,22,9.3,30,0
11/10/15,59.7,35.8,43,18,9.1,30.1,0
11/11/15,53.4,38.9,59.1,12,3.1,30.2,0
11/12/15,52.9,36.5,55.3,8,2.6,30,0
11/13/15,57.1,27.1,38,12,2.9,29.9,0
11/14/15,55.5,41.7,62.1,9,1.9,29.9,0
11/15/15,54.8,43.9,67.9,20,8,29.9,0
11/16/15,57.5,26.3,32.4,23,12.3,30.1,0.08
11/17/15,59,32.2,39.8,23,6.9,30.1,0
11/18/15,56.6,46.6,70.3,8,3.4,30,0
11/19/15,58.2,45,66.8,7,2.1,29.9,0
11/20/15,60.5,42.8,56.8,7,1.8,29.9,0
11/21/15,63,37.3,42.2,9,2.3,29.9,0
11/22/15,63,34.3,39.4,7,1.8,29.9,0
11/23/15,58.5,42.5,58.9,8,3.3,29.9,0
11/24/15,57.3,47.8,72.1,12,6.5,29.9,0
11/25/15,54.5,35.8,50.4,17,11.2,29.9,0
11/26/15,49.5,35.5,60.6,9,3.3,29.9,0
11/27/15,51.4,35.9,57.2,14,4.6,30,0
11/28/15,51.5,32.8,51.9,12,2.5,30,0
11/29/15,53.8,33.3,47.8,7,2.3,30.1,0
11/30/15,51.3,35.7,56.3,13,3.3,30.1,0
12/1/15,53.8,32.8,48.9,8,2.5,30.1,0
12/2/15,55.1,39.8,57.8,8,1.7,30.1,0
12/3/15,57,43.1,61.7,14,4.2,30,0
12/4/15,58.4,42.6,57.8,14,5.2,30.1,0
12/5/15,53.4,37.3,56.2,12,1.9,30.2,0
12/6/15,57,41.9,58.2,6,2,30.2,0
12/7/15,61.6,43.8,55.2,15,3.6,30.1,0
12/8/15,63.1,48.7,61.6,8,2.8,30,0
12/9/15,56.4,48.7,76.5,7,2,30,0
12/10/15,56.4,51.3,83.8,20,6.7,29.9,0
12/11/15,56.7,41.5,58.4,23,11.9,29.9,0.01
12/12/15,57,32.7,41.9,17,7.4,30,0
12/13/15,55.1,42.6,64.9,28,8.8,30,0
12/14/15,53.6,28.4,38.9,18,12.4,30,0.11
12/15/15,49.9,24.2,38,18,4.4,30,0
12/16/15,48.3,29.6,50.4,14,3.9,30.1,0
12/17/15,49.7,36.8,62.9,8,2.5,30.1,0
12/18/15,50.3,36.4,61.4,10,2.8,30,0
12/19/15,50.1,42.7,76.3,9,4.2,29.9,0
12/20/15,50.9,35.8,58,17,4.1,30.1,0.18
12/21/15,55.6,47.2,74,16,7.4,30.1,0
12/22/15,62.8,54.5,75.5,24,14,29.8,0
12/23/15,57.3,36.9,48.8,21,9.6,29.8,0
12/24/15,54.9,34.6,47.5,18,12.5,29.9,0
12/25/15,52.6,27.9,39.6,15,9.2,30.1,0
12/26/15,49.9,25.5,41.6,13,5.1,30.3,0
12/27/15,45.5,30.8,59.2,12,3.3,30.2,0
12/28/15,50.8,32.2,49.7,25,7.1,29.9,0
12/29/15,49,30.8,50.2,15,5.5,30,0
12/30/15,46.6,34.8,64.8,7,2.1,30.1,0
12/31/15,46.1,34.5,66.3,13,3.2,30.1,0
1/1/16,49.7,29.9,49.5,9,1.8,30.1,0
1/2/16,51.7,34.1,52.9,10,3.8,30,0
1/3/16,55.3,45,68.8,20,10.2,29.9,0
1/4/16,59.3,45,60,13,4.8,29.8,0
1/5/16,55.8,51.1,84.8,21,10.3,29.8,0.24
1/6/16,51.1,47.3,87.1,17,6.3,29.9,1.47
1/7/16,51.4,44.3,78.7,18,5.9,29.9,2.24
1/8/16,52.5,38,60.1,8,4,30,0.08
1/9/16,53.7,46.7,77.5,13,6,30.1,0
1/10/16,53.9,50.3,87.9,7,2.6,30.1,0.02
1/11/16,52.8,49.2,88.1,6,2.3,30.2,0.1
1/12/16,50.2,41.4,74.3,10,3.4,30.2,0
1/13/16,55.8,45.5,70.3,15,6.8,30.1,0
1/14/16,54.3,46.4,75.8,13,4.7,30.1,0
1/15/16,56.5,49.1,77.7,16,6.4,30,0
1/16/16,57.3,52.3,83.9,8,3.6,30.1,0
1/17/16,56.8,53.7,89.7,15,5.5,30.1,0
1/18/16,57.1,55.8,95.2,9,3.5,30.1,0
1/19/16,57.6,55.9,94,8,3.5,30.2,0.07
1/20/16,57.6,54.7,90.3,12,4.8,30.2,0.48
1/21/16,54.7,50.5,87.4,8,2.8,30.1,0
1/22/16,54.4,50.2,86.5,8,2.8,30.1,0
1/23/16,57.1,49.6,78.7,18,5.7,30,0
1/24/16,58.3,39.5,50.8,14,6.7,30.1,0.06
1/25/16,56.2,40.9,58.9,8,3.1,30.1,0
1/26/16,54.1,39.4,61.3,10,3.3,30.2,0
1/27/16,54.3,42.3,67.5,8,3.3,30.2,0
1/28/16,54.9,42.7,66.4,12,3.5,30.1,0
1/29/16,63.2,46.9,58.1,20,7.8,30,0
1/30/16,59,51.2,76,17,7,30,0
1/31/16,54.5,47.1,78,26,13.9,29.8,0
2/1/16,52.7,25.8,36.4,23,13.7,30,1.03
2/2/16,50.4,31.4,52.1,20,6.1,30.2,0
2/3/16,49.9,36.5,62,10,3.5,30.3,0
2/4/16,50,38.5,66.8,12,2.8,30.3,0
2/5/16,53.1,37.8,60.5,12,3,30.3,0
2/6/16,54.5,35.6,53.3,10,3.3,30.2,0
2/7/16,58.7,36.5,49.7,9,3.4,30.1,0
2/8/16,62,38.2,46.4,9,3.3,30.1,0
2/9/16,62.7,38.1,46.5,12,2.9,30.1,0
2/10/16,59.8,44.9,63.3,7,2.3,30.1,0
2/11/16,61.4,46,63.3,9,3.6,30.1,0
2/12/16,57.5,47.8,74,9,3.1,30.1,0
2/13/16,55.3,47.7,82.1,22,4,30.1,0
2/14/16,69,36.7,34.8,23,6.5,30,0
2/15/16,64,42.8,51,8,2.3,29.9,0
2/16/16,63.8,42.4,50.3,8,3,29.9,0
2/17/16,58.6,50.5,75.5,22,9.6,29.8,0
2/18/16,57.7,49.9,77.1,18,9,29.9,0.47
2/19/16,56.3,44.5,68.1,12,4,30.1,0
2/20/16,55.3,46.9,75.3,12,3.5,30.1,0
2/21/16,58.8,44.5,63.3,9,3.3,30.1,0
2/22/16,62.3,41.5,53.9,15,6.1,29.9,0
2/23/16,59.4,39,52.6,9,2.7,30,0
2/24/16,59.5,37.8,50.6,10,2.3,30.1,0
2/25/16,59.2,42.3,58,10,3.3,30,0
2/26/16,56.5,51.5,83.8,9,3.7,30.1,0
2/27/16,61,51.1,72.5,9,3.8,30,0
2/28/16,59.4,53.2,80.7,9,4.3,30,0
2/29/16,54.1,52.1,93,8,2.9,30,0
3/1/16,56.4,53.9,91.7,8,4.2,30,0
3/2/16,54.1,50.9,89.2,7,2.2,30,0
3/3/16,54.1,51.4,91.1,7,2.4,30,0
3/4/16,57.8,52.8,83.9,9,3.7,30,0
3/5/16,59.4,56.8,90.9,14,7.5,30,0
3/6/16,58.6,47.7,70.1,22,12.4,29.9,1.43
3/7/16,52.2,44.5,75.4,32,12.1,29.8,0.04
3/8/16,58.9,42,54.5,22,9.3,29.9,0
3/9/16,59,49.2,70.7,9,4.4,30,0
3/10/16,59.5,52.1,78.3,14,4.6,30,0
3/11/16,55.6,50.7,84.1,20,9.5,30,0
3/12/16,57.4,42.6,58.6,20,8.7,30.1,0.52
3/13/16,57.1,51.6,82.2,17,8.4,30.1,0
3/14/16,63.8,53.1,70.1,17,8.8,30.1,0
3/15/16,62.5,43.2,52,8,5,30,0
3/16/16,62,44.5,59.1,13,4.1,29.9,0
3/17/16,61.4,51.5,72.2,12,3.3,29.9,0
3/18/16,59.4,55,85.7,12,6.2,29.9,0
3/19/16,58.8,54.9,87.2,10,3.6,30,0
3/20/16,57.6,54.8,90.6,8,3.4,30,0
3/21/16,55.4,48.4,80.6,16,5.2,30.1,0
3/22/16,62,38.1,44.8,16,10.8,30.1,0
3/23/16,60.9,37.7,45.6,21,6.5,30.1,0
3/24/16,59.5,45.6,61.6,14,4.9,30,0
3/25/16,68.2,42.9,41.6,25,11.6,29.8,0
3/26/16,63.1,49.6,64.7,15,6.8,29.8,0
3/27/16,59.8,54.2,82,10,5.4,30,0
3/28/16,56.4,41.5,60.6,22,8.7,29.9,0
3/29/16,54.6,40.1,59.6,24,9.2,29.9,0
3/30/16,52.6,41.9,68.4,9,4.3,29.9,0
3/31/16,56.8,44.7,66.3,18,6.6,30,0
4/1/16,57.6,50.3,77.3,9,5.3,30.1,0
4/2/16,57.9,51.7,80.9,9,4.6,30.1,0
4/3/16,54.9,51.8,90,10,4.6,30,0
4/4/16,58.1,51.9,81,8,4.2,30,0
4/5/16,61.1,51.1,72.5,12,4.3,30,0
4/6/16,60.3,53.7,80.5,14,6.1,30,0
4/7/16,60.4,55,82.8,10,5.2,30,0
4/8/16,58.5,56.9,94.2,9,4.4,29.9,0
4/9/16,59.7,56.2,88.4,16,7.9,29.9,0.34
4/10/16,59.1,54,83.8,10,4.4,29.9,0.2
4/11/16,60.5,54.1,80.4,13,5.4,30,0
4/12/16,60.7,52.9,76.2,9,4.5,30.1,0
4/13/16,59.1,53.8,82.9,10,5.6,30.1,0
4/14/16,64.6,43,47.7,26,11.5,29.9,0
4/15/16,65.2,36.1,36.4,20,11.5,29.9,0
4/16/16,62.7,42.3,51.8,15,4.9,30,0
4/17/16,65.5,41.9,50,13,4.5,30,0
4/18/16,65,44.5,52.4,9,3.7,30,0
4/19/16,64.5,47,57.2,9,3.8,29.9,0
4/20/16,61.7,43.2,55,17,5.3,29.9,0
4/21/16,60.2,49.4,68.6,16,5.9,29.9,0
4/22/16,60.8,51.3,72.7,28,11.3,29.9,0
4/23/16,63.6,42.3,47.9,20,8,30,0
4/24/16,61.8,47.4,61.5,20,8.8,29.9,0
4/25/16,59,38.8,48.6,26,12.8,29.9,0
4/26/16,57.5,42.8,58.9,12,6,29.9,0
4/27/16,61.9,42.4,50.8,25,13.6,29.8,0
4/28/16,60,45.3,59.4,24,12.2,29.8,0
4/29/16,58.1,49.3,73.2,9,5.7,29.9,0
4/30/16,57.6,47.5,69.6,13,5.7,29.8,0
5/1/16,58.2,51.4,78.8,15,6.7,29.9,0
5/2/16,58.4,53.1,83,15,7.1,30,0
5/3/16,58.1,53.5,85.3,12,5.7,29.9,0
5/4/16,57.2,53.6,88.1,9,4.9,29.9,0
5/5/16,58.8,51.4,77.7,9,4.7,29.9,0
5/6/16,59.4,51.8,76.3,10,4.8,29.9,0
5/7/16,58.4,50.5,76.3,10,4.9,29.9,0
5/8/16,58.9,52.2,79.1,15,6.3,29.9,0
5/9/16,59.6,52.5,77.8,10,5.5,29.9,0
5/10/16,58,52.7,82.7,10,5.5,30,0
5/11/16,57.9,52.6,83.1,14,5,30,0
5/12/16,59.2,54.7,85.9,9,5.7,30,0
5/13/16,59.7,54.7,84,12,6.1,30,0
5/14/16,59.8,54.3,82.5,12,6.1,29.9,0
5/15/16,61,53.6,77.3,9,5.8,29.9,0
5/16/16,60.3,53.5,78.6,9,4.7,29.9,0
5/17/16,59.8,54.4,82.9,12,5,29.9,0
5/18/16,58.6,55.2,88.7,13,5.3,29.9,0
5/19/16,59.6,53.9,82.2,13,6,29.9,0
5/20/16,59.2,42.3,55,23,9.9,29.8,0
5/21/16,57.8,43.1,59.5,18,6.6,30,0
5/22/16,60.6,45.1,58.6,14,6,30,0
5/23/16,59.6,48.6,67.3,13,6.4,29.9,0
5/24/16,59.4,50.3,72.6,17,6.8,30,0
5/25/16,61.7,49.4,65.7,20,9.4,30,0
5/26/16,61.2,51.6,71.7,13,6.4,30,0
5/27/16,60.6,53.4,78,12,6.1,29.9,0
5/28/16,59.7,54.4,82.7,10,6.8,29.9,0
5/29/16,59.4,54.8,85.2,12,5.1,30,0
5/30/16,59.4,54.1,83,14,5.5,29.9,0.01
5/31/16,59.3,55.1,86.3,12,7.5,29.9,0
6/1/16,59.5,55.5,86.8,14,5.7,29.9,0
6/2/16,57.4,54.8,91.7,10,5.1,29.9,0
6/3/16,58.2,56,93,13,5.6,29.9,0
6/4/16,57.8,55.6,93,10,4.6,29.9,0
6/5/16,56.8,54.2,91.6,14,5,29.9,0
6/6/16,59.6,54.6,84,15,7.9,29.8,0
6/7/16,59.7,54.8,84,10,5.5,29.9,0
6/8/16,60.1,55.5,85.4,10,4.7,29.9,0
6/9/16,59.1,53.3,77.6,12,6.8,29.9,0
6/10/16,62.4,55.9,79.8,10,6.3,29.9,0
6/11/16,62.2,56,80.7,10,5.6,29.9,0
6/12/16,63.5,55.2,74.6,10,5.2,30,0.01
6/13/16,61,55.1,81.6,14,7.2,30.1,0
6/14/16,59.5,53.8,82.1,14,5.8,29.9,0
6/15/16,63,45.9,57,18,6.5,29.9,0
6/16/16,61.4,50.2,67.3,10,4.6,30,0
6/17/16,65,53.5,67.8,12,4.4,30,0
6/18/16,66.3,57,73.8,12,4.8,30,0
6/19/16,66.7,57.2,73.3,9,4.7,29.9,0
6/20/16,68.5,58.3,71.3,13,5.2,29.8,0
6/21/16,66.2,60.7,83,15,6.3,29.9,0
6/22/16,61.5,58.5,90.3,10,4.7,29.9,0
6/23/16,60.2,56.8,88.8,9,4.4,29.9,0
6/24/16,60.9,58.6,92.3,9,5.4,29.9,0
6/25/16,62.1,57.7,86.3,9,4.8,29.8,0
6/26/16,63.8,60.4,89.1,12,4.7,29.9,0
6/27/16,65.2,61.1,87.2,9,4.9,29.9,0
6/28/16,65.1,61.9,89.3,15,5.2,29.9,0
6/29/16,63.1,59.5,88.5,10,6.1,29.9,0
6/30/16,64.2,58.5,83.1,12,7.3,29.8,0
7/1/16,63.2,58.5,85.3,10,6.8,29.9,0
7/2/16,65.5,59.4,81.1,10,5.6,30,0
7/3/16,65.1,57,75.4,13,6.8,30,0
7/4/16,63.3,56,77.8,15,4.8,30,0
7/5/16,62.4,57.8,85.1,14,7.1,30,0
7/6/16,62.8,57.7,83.9,13,6.5,29.9,0
7/7/16,61.9,56.9,84.4,12,5.5,29.9,0
7/8/16,63.8,58.6,83.9,13,6.1,29.9,0
7/9/16,65.9,60.2,82.8,10,6.1,30,0
7/10/16,67.2,59.6,77.8,14,6.6,29.9,0
7/11/16,65.8,59.8,81.4,12,6.2,29.8,0
7/12/16,64.8,59.5,83.6,14,6.4,29.9,0
7/13/16,64.4,58.4,81.9,15,6,29.9,0
7/14/16,62.5,59.7,90.7,12,7.1,30,0
7/15/16,61.2,58.6,91.7,14,7.3,29.9,0
7/16/16,62.4,58,86.3,15,6.4,29.9,0
7/17/16,62.8,58.1,85.2,13,5.5,29.9,0
7/18/16,64.6,59.4,83.8,13,6.1,30,0
7/19/16,65.3,59.6,82.8,10,4.4,30,0
7/20/16,67.5,59.3,76.7,12,4.7,29.9,0
7/21/16,68.3,59.5,75.3,9,5,29.9,0
7/22/16,72.2,58.6,65.9,10,4.9,29.9,0
7/23/16,71.5,58.9,70.1,12,5.7,29.8,0
7/24/16,66,63.9,93.2,12,5.3,29.9,0
7/25/16,65.4,62.5,91.3,15,4.2,29.9,0
7/26/16,64.7,62.2,92,13,4.7,29.9,0
7/27/16,66.2,61.9,87.1,10,3.8,29.9,0
7/28/16,68.2,62.2,82.5,12,6.3,29.9,0
7/29/16,67.3,61.5,82.4,10,4.5,29.8,0
7/30/16,66.2,63,89.7,14,5.5,29.8,0
7/31/16,65.9,63.6,92.9,14,5,29.9,0
8/1/16,64.2,62,92.9,14,5.6,29.9,0
8/2/16,65.5,61,85.8,14,6.8,30,0
8/3/16,65.1,61,86.9,15,6.7,29.9,0
8/4/16,65.8,60.5,83.5,16,6.9,29.9,0
8/5/16,66.4,59.9,80.4,13,7,29.8,0
8/6/16,64.6,59.9,85.1,14,6.8,29.8,0
8/7/16,64.7,59.8,84.9,10,5.6,29.8,0
8/8/16,65,60.5,85.9,12,5,29.8,0
8/9/16,64.8,60.8,87.5,13,5.3,29.8,0
8/10/16,64.6,59.1,83.3,13,4.5,29.9,0
8/11/16,65.9,59.5,80.5,16,6.6,30,0
8/12/16,65.2,60.4,85.2,16,5.7,30,0
8/13/16,66.3,61.9,86.2,12,6.8,29.9,0
8/14/16,65.8,62.4,89.3,13,7.2,29.9,0
8/15/16,65.8,61.3,86.9,9,5.8,29.9,0
8/16/16,63,60.5,92,12,4.4,29.8,0
8/17/16,63,59.5,89,12,6.7,29.8,0
8/18/16,61.3,57.7,88.7,14,4.4,29.9,0
8/19/16,63.3,57.7,82.7,15,6.2,29.9,0
8/20/16,62.7,58.1,85.5,14,5.5,29.9,0
8/21/16,64.2,58.8,83.6,12,5.8,29.9,0
8/22/16,65.8,60.4,83.7,9,5.7,29.9,0
8/23/16,66.8,59.9,79.8,9,5.3,30,0
8/24/16,65.4,59.2,81.2,10,4.8,29.9,0
8/25/16,64.3,60,86.5,9,5.9,29.9,0
8/26/16,65.1,59.5,82.8,13,5.6,29.9,0
8/27/16,63.8,59.2,85.5,15,6.2,29.9,0
8/28/16,65.8,59,80.3,9,4.4,29.9,0
8/29/16,67.7,60.3,78.6,9,4.9,29.9,0
8/30/16,68.3,61.9,80.6,13,5.1,29.8,0
8/31/16,69,60.1,74.4,13,6.3,29.8,0
9/1/16,66.6,60.4,81.2,10,5.7,29.9,0
9/2/16,63.1,59.5,88.7,15,7.4,29.9,0
9/3/16,63.4,59.1,86.8,14,5.7,29.8,0
9/4/16,63.5,52.8,70.4,17,5.8,29.8,0.01
9/5/16,61.1,54,78.4,12,4,29.8,0
9/6/16,62.6,57.4,84.2,14,5.9,29.8,0
9/7/16,65.3,61,86.3,16,9.8,29.9,0
9/8/16,67.2,60.3,78.9,14,6.9,30,0
9/9/16,62.7,58.8,87.3,14,5.3,30,0
9/10/16,62,59.4,91.6,13,5.5,30,0
9/11/16,63.6,59.8,88.1,13,7,30,0
9/12/16,62.4,58.4,86.6,9,6.4,29.9,0
9/13/16,62.4,52.3,70.8,10,5.3,29.9,0
9/14/16,60.7,51.5,73.3,14,4,30,0
9/15/16,62.3,55.9,80.5,12,5.3,29.9,0
9/16/16,63,58.8,86.8,12,5,29.9,0
9/17/16,62.1,58.4,88.1,10,4.4,29.9,0
9/18/16,62.3,61,95.8,9,4,29.9,0
9/19/16,65.2,61.9,90.3,18,5.4,29.9,0
9/20/16,67.8,62.5,84.5,10,3.6,29.9,0
9/21/16,67.3,62,83.9,10,4.8,29.8,0
9/22/16,68.7,40.1,42.8,26,12.2,29.9,0
9/23/16,75.2,37.2,28.8,21,12.4,29.9,0
9/24/16,67.6,45.5,53.2,12,3.5,29.9,0
9/25/16,73,45.3,46.6,10,3.5,29.9,0
9/26/16,80.2,38.3,30.4,14,4.5,29.9,0
9/27/16,75.2,51.2,46.7,15,4.6,29.8,0
9/28/16,70.4,54.1,59.8,10,3.8,29.9,0
9/29/16,67.5,59.7,78.2,13,4.3,30,0
9/30/16,65.2,60.7,87.2,10,3.7,30,0
10/1/16,64.2,57.5,80.8,10,3.9,29.9,0
10/2/16,64,49.9,63.7,20,7.2,29.9,0
10/3/16,66,46.2,49.5,21,9.2,29.9,0
10/4/16,63.2,50,63.2,12,6,29.9,0
10/5/16,60,54.4,82.6,12,3.8,29.9,0
10/6/16,65.3,45.8,56.9,14,4.5,29.9,0
10/7/16,66.9,43.7,51.7,12,3.5,29.9,0
10/8/16,64.7,47.2,56.4,10,3.1,29.9,0
10/9/16,61.9,50.3,67.7,12,3.9,29.9,0
10/10/16,59.7,55,84.8,15,6,29.9,0
10/11/16,59.8,54.6,83.6,14,5.8,30,0
10/12/16,58.9,53.5,83.2,10,5.1,30,0
10/13/16,58.1,55.2,90.4,12,4.1,30,0
10/14/16,59.2,57.1,92.9,10,4.7,30,0
10/15/16,62.4,60.2,93.2,21,8.5,29.9,0
10/16/16,64.6,62.4,93.3,12,5.9,30,0
10/17/16,64.8,57.9,82.5,18,3.5,29.9,0.32
10/18/16,66.4,45.6,55.3,20,8,29.9,0
10/19/16,66.1,43.6,52,13,3,29.9,0
10/20/16,68.6,40.5,46.7,12,3.3,29.9,0
10/21/16,65.8,43.1,49.8,9,2.4,29.8,0
10/22/16,58.8,54.8,87.5,8,3.9,29.9,0
10/23/16,61.2,58.4,91.2,13,6,29.9,0
10/24/16,62.4,57.4,85,13,4,30,0
10/25/16,57.4,53.5,88.4,14,3,30.1,0
10/26/16,58.5,56.3,93.3,7,2.9,30,0
10/27/16,61.3,56.8,86.2,14,5,29.9,0
10/28/16,63.7,61.1,91.4,16,6.6,29.9,0.27
10/29/16,61.1,57.4,88.9,8,3.6,30,0.01
10/30/16,61.7,60.8,96.9,8,4.3,30,0
10/31/16,60.4,52.6,77.4,14,5.5,30,0.13
11/1/16,62.6,51.3,68,15,6.9,30,0
11/2/16,60.1,50,73.9,13,4.2,30,0
11/3/16,62.1,43.8,59,12,3.2,30,0
11/4/16,62.5,50.3,67.8,9,3.5,30,0
11/5/16,60.4,54.9,83.3,9,3.6,30,0
11/6/16,58.4,55.5,90.4,10,3.4,30,0
11/7/16,60.2,55.1,85.3,9,2.5,30,0
11/8/16,62.6,53.6,78.7,14,3.2,30,0
11/9/16,66.8,49.5,63.7,8,2.3,30,0
11/10/16,65.8,45,52,8,2.7,30,0
11/11/16,64,40.5,46.6,6,2,30,0
11/12/16,62.8,47.1,58.8,10,3.5,30,0
11/13/16,62,49.3,69.7,10,3.4,30.1,0
11/14/16,59.1,54.2,85.8,8,3.6,30.1,0
11/15/16,56.6,54.2,92.7,9,3.4,30,0
11/16/16,61.4,42.9,58.9,22,7.3,29.9,0
11/17/16,55.9,31.7,41.8,12,3.8,29.9,0
11/18/16,56.2,33,44.6,14,4.6,30,0
11/19/16,54.5,49,82.9,9,2.3,30,0
11/20/16,55.6,52.5,90.3,14,5,29.9,0
11/21/16,59,51.4,78.4,21,6.4,29.9,0.48
11/22/16,54.7,45.1,71.9,9,3.2,30.1,0
11/23/16,58.8,41.6,57.3,14,5,30.1,0
11/24/16,54.4,37.5,57.7,12,3.5,30.1,0
11/25/16,50.3,43,77.6,8,1.5,30,0
11/26/16,49,46.9,92.8,10,3.9,29.9,0
11/27/16,54,45,74.1,22,8.3,30,0.41
11/28/16,56,42.3,61,20,7.3,29.9,0
11/29/16,52.7,39.7,64.1,10,3.4,30,0
11/30/16,51.2,42.3,73.8,10,3,30,0
12/1/16,55.3,42.1,64.6,18,7.4,29.9,0
12/2/16,53,37.5,57.7,17,5.3,30,0
12/3/16,48.8,37.8,68.2,12,3,30.1,0
12/4/16,51.4,43.5,76.8,8,2.3,30,0
12/5/16,51.2,46.5,85.5,7,3,29.9,0
12/6/16,51.2,45.8,83.2,14,2.5,30,0
12/7/16,51.3,42.1,71.7,9,2.8,30.1,0
12/8/16,55.8,51.7,86.8,15,6.4,30.2,0
12/9/16,59.8,58.6,96,17,4.7,30.2,0.03
12/10/16,56.7,55.3,95.2,13,3.4,30.1,0.01
12/11/16,58.9,57.8,96,9,4.6,30.1,0
12/12/16,55.6,55,97.9,7,2.6,30.1,0
12/13/16,55,52.6,92.2,8,2.9,30.1,0
12/14/16,52.8,50.8,93.6,10,2.1,30.1,0
12/15/16,55.1,54.6,98.4,16,6,30,0
12/16/16,56.3,48.5,78.6,22,8.3,29.8,1.46
12/17/16,48.3,30.5,53.2,12,4.2,30.1,0.07
12/18/16,45.3,36.2,72.5,8,2.4,30.2,0
12/19/16,45.6,34,68.9,8,2.7,30.2,0
12/20/16,50.3,31.3,57.6,8,2,30.1,0
12/21/16,56.8,43.8,66.3,10,3.9,30,0
12/22/16,54,48.8,83.5,12,4.4,29.9,0.01
12/23/16,51.6,50,94.7,15,6.9,29.9,0
12/24/16,51.2,35.5,56,21,13.9,29.8,1.41
12/25/16,48.7,33.9,57.4,13,5,30.1,0
12/26/16,50,36.5,61.9,12,3.5,30.1,0
12/27/16,48.3,40.7,77.5,9,2.2,30.1,0
12/28/16,51.3,39,67,6,1.9,30.1,0
12/29/16,54.8,39.5,61.8,9,2.1,30.1,0
12/30/16,56.3,52.6,88.5,12,3.9,30,0.01
12/31/16,50.8,47.3,88.9,10,3.4,29.9,0.17
1/1/17,51.1,40,66.7,8,3.6,29.9,0.02
1/2/17,51.2,45.3,80.6,10,2.7,30.1,0
1/3/17,53,46.7,80.1,9,4.7,30.1,0
1/4/17,54.9,54,97,8,3.6,30.1,0
1/5/17,56.7,54.1,92.1,15,2.9,29.9,0.68
1/6/17,51.1,44,77.8,9,3.5,30,0.07
1/7/17,56.3,53.5,90.8,17,4.5,30.1,0.12
1/8/17,59,50.5,76.6,14,6.1,30.1,0.32
1/9/17,56.6,55.1,94.7,13,4.1,30.1,1.16
1/10/17,56,54.9,96.3,9,4.1,30.1,0.08
1/11/17,57.2,55.1,93.3,15,6.6,29.9,0.98
1/12/17,53.9,50.5,89.1,14,5.3,29.9,0.13
1/13/17,49.5,39.6,72.1,9,3.9,30,0.11
1/14/17,56.6,40.9,58.4,12,4.5,30,0
1/15/17,51.5,45.8,81.4,14,2.7,30,0
1/16/17,51,46.7,86.4,14,3.3,30,0
1/17/17,50,43.8,82.4,8,1.8,30.1,0
1/18/17,49.9,46.4,88.4,17,5.3,30.1,0
1/19/17,53,50.4,91.5,16,8.2,29.9,0.89
1/20/17,51.8,49.1,91.3,17,7.1,29.6,0.09
1/21/17,52.7,45.7,77.5,16,7.6,29.9,2.58
1/22/17,52.5,50.7,93.4,22,12.9,29.9,0.23
1/23/17,49.9,43.8,79.8,16,7.5,29.9,1.29
1/24/17,46.9,40,78.2,8,3,30,0.23
1/25/17,45.3,39,80,7,2.4,30.2,0
1/26/17,45.8,38.8,77.8,8,2.8,30.3,0
1/27/17,47.3,36.5,69.9,8,3,30.4,0
1/28/17,48.4,35,67.3,7,2.4,30.4,0
1/29/17,51.5,33.8,58.7,10,2.9,30.2,0
1/30/17,54.6,35.6,57.1,7,2,30.1,0
1/31/17,52.5,41.5,68.9,10,2.7,30.1,0
2/1/17,49.4,45.7,84.2,14,5.3,30.1,0
2/2/17,55.4,51.5,86.8,10,6.5,30.1,0
2/3/17,56.9,56.7,99.4,8,3.3,30.1,0.26
2/4/17,53.4,52.8,97.9,9,2.9,30.1,0.19
2/5/17,54.5,53,95,10,5.3,30,0
2/6/17,55.7,55,97.7,13,7.8,30,1.01
2/7/17,57.9,57.7,99.5,8,2.9,30.1,0.67
2/8/17,58.7,58.5,99.3,7,1.1,30.1,0.7
2/9/17,58.3,57.4,96.9,13,5.2,30,0.03
2/10/17,58.3,57.8,98.6,10,4.4,30,0
2/11/17,56.2,50.6,83.8,16,4.2,30,0.61
2/12/17,57.4,46.5,68.6,16,5.2,30.1,0.02
2/13/17,55.8,49.9,82.4,8,2.6,30,0
2/14/17,55.7,53.1,91.5,10,4,30,0
2/15/17,54.4,52.1,92.5,12,3.1,30.1,0
2/16/17,52.5,51,95.4,10,3.6,30,0
2/17/17,55.6,55.3,98.8,26,14.4,29.5,0.29
2/18/17,54.2,51.3,90.6,20,6.7,29.5,4.03
2/19/17,52.7,48.6,87.2,9,5.2,29.9,0.02
2/20/17,55,54.5,98.2,15,9.1,30.2,0.61
2/21/17,57.5,56.9,98.1,10,6,30.3,0.12
2/22/17,55.4,44,67.4,23,11,30.1,0.31
2/23/17,50.9,31,49.1,21,9.2,30.1,0
2/24/17,49.5,34.1,57.3,13,4.5,30.1,0
2/25/17,48.8,39.4,71.5,9,2.6,30.1,0
2/26/17,51.4,45.1,79.8,12,6.7,29.9,0.08
2/27/17,53.9,45,72,10,5.4,29.9,0.02
2/28/17,53.4,36.9,55.7,15,6.4,30.1,0
3/1/17,53.5,37,58.3,12,3.1,30.2,0
3/2/17,54,41.7,67.2,9,2.5,30.1,0
3/3/17,55.5,41.4,65.9,13,3.8,30,0
3/4/17,52.5,49.2,89.1,7,3.9,30,0
3/5/17,52.9,44.5,75.7,20,6.9,30,0
3/6/17,51.5,35,55.4,16,6.7,30.2,0.2
3/7/17,52.7,41.5,68.5,8,2.7,30.1,0
3/8/17,58.5,45.4,68,9,2.5,30.1,0
3/9/17,59.7,49,72,8,2.4,30,0
3/10/17,59.2,52,79.8,8,3.3,30,0
3/11/17,61.1,51.7,75.2,21,4.4,30,0
3/12/17,56.4,54.4,93.1,9,3.8,30,0
3/13/17,55.7,54.3,95.8,8,2.8,30,0
3/14/17,54.5,53.5,96.7,10,3.9,30,0
3/15/17,54.9,53,93.8,12,3.9,30.1,0
3/16/17,57.5,54,89.3,9,4,30,0
3/17/17,54.7,54.2,98.2,9,3.6,30,0
3/18/17,55.8,53.9,93.6,8,5.7,30.1,0
3/19/17,57.1,53.7,88.5,9,4.8,30,0
3/20/17,58.9,51.7,77.9,12,5.8,30.1,0
3/21/17,57.8,56.7,96.3,16,8.4,30,0.09
3/22/17,56.2,51.1,82.1,20,8.8,30,0.67
3/23/17,58.1,42.8,58.7,23,11.8,30.1,0
3/24/17,55.9,48.6,76.9,16,7.2,30.2,0
3/25/17,59.4,51.9,77.2,18,5.8,30,0
3/26/17,57.2,50.5,79,18,5.1,30,0
3/27/17,62.2,44.7,56.3,18,10.3,30,0
3/28/17,64.4,39.9,41.8,16,7.9,30,0
3/29/17,60.2,48.3,67.8,10,3.5,30,0
3/30/17,62.2,48.9,65.8,25,13.2,29.9,0
3/31/17,59.8,39.8,50.1,29,8.5,29.8,0
4/1/17,58.1,46,66,12,4.4,29.9,0
4/2/17,57.7,51.8,81.6,8,4.2,29.9,0
4/3/17,54,52.2,93.9,7,4.3,29.9,0
4/4/17,56.3,51.5,84.8,15,6.8,30,0
4/5/17,57.9,52.5,84.7,10,5,30,0
4/6/17,54.4,52.9,95,13,3.6,30,0
4/7/17,56.4,53.1,89.4,13,5.7,30,0
4/8/17,57.5,47.9,75.6,20,7.3,30,0.16
4/9/17,56.7,40.7,56.2,13,5.6,30,0
4/10/17,57.5,44,65.7,8,3.5,30,0
4/11/17,57.7,49.4,74.7,16,6.1,30,0
4/12/17,57.3,53.7,88.6,17,6.7,30,0
4/13/17,57.5,50,79.4,21,7.2,30,0
4/14/17,61.4,39,46.5,15,6.9,29.9,0.02
4/15/17,57.8,45.2,67,13,3.6,29.9,0
4/16/17,56.7,50.3,79.7,13,5.8,30,0
4/17/17,57.8,56.2,94.7,12,4.7,30.1,0
4/18/17,58.3,57.5,97.1,13,4.3,30.1,0.05
4/19/17,59.7,53.5,82.1,12,5.3,30.1,0.18
4/20/17,71.2,41.9,37.6,18,9.7,30,0
4/21/17,66.5,45.6,53.7,14,4.8,29.9,0
4/22/17,63.3,53.5,72.5,9,4,29.8,0
4/23/17,63.9,52.5,68.5,18,6.5,29.8,0
4/24/17,62.9,50,64.6,30,9.3,29.9,0
4/25/17,62.1,47.7,60.5,24,11.9,29.9,0
4/26/17,67.6,51.8,58.1,24,10.7,29.9,0
4/27/17,68.2,48.8,53.4,20,11.5,29.8,0
4/28/17,71,34.3,28.7,18,11,29.8,0
4/29/17,64.2,37.3,42.4,14,5.8,30,0
4/30/17,60.7,48.5,68.5,9,3.4,30,0
5/1/17,61.3,51.6,73.6,9,4.8,29.9,0
5/2/17,63.1,53.6,73.7,9,5.1,29.9,0
5/3/17,58.4,56.4,93.6,12,6.4,29.9,0
5/4/17,56.2,55,96.2,17,7,29.9,0
5/5/17,55.6,54.3,95.6,8,3.7,29.9,0
5/6/17,57.5,44.8,65.3,24,9.5,29.8,0
5/7/17,52.6,46.7,81.2,9,4.4,29.8,0.04
5/8/17,58.8,51.5,78.5,12,5.2,29.9,0.08
5/9/17,58.6,53.9,84.5,14,8.3,29.9,0
5/10/17,60.8,54.6,79.7,12,6.9,30,0
5/11/17,59.1,54.4,85.3,15,5.6,30.1,0
5/12/17,59.9,51.5,77,13,5.3,29.9,0
5/13/17,64.8,39.2,39.9,21,9.5,29.8,0
5/14/17,58.8,43.4,57.9,14,7.2,29.8,0
5/15/17,58.3,43.4,58.9,22,7.5,29.9,0
5/16/17,56.9,47.3,71.2,13,6.3,30,0
5/17/17,61.9,48.1,63.3,21,9.1,29.9,0
5/18/17,60.8,50.3,71.8,18,5.8,29.9,0
5/19/17,65.9,46.5,56.7,12,5.2,29.9,0
5/20/17,64.8,53.2,70.9,12,5.2,29.9,0
5/21/17,62.2,56.3,82.4,13,5.4,29.9,0
5/22/17,57.9,55.4,92.1,10,7,29.9,0
5/23/17,56.9,54.2,91.2,10,6.1,29.9,0
5/24/17,56.1,53.5,91.5,17,8.8,29.8,0
5/25/17,59.6,52.3,77.6,9,5.4,29.8,0
5/26/17,61.2,53.2,75.9,14,4.8,29.9,0
5/27/17,60,53,78.7,13,5.5,30,0
5/28/17,60.3,54,81.3,10,4.9,30,0
5/29/17,59.3,55.6,87.9,15,6.7,29.9,0
5/30/17,59.1,55.3,87.6,12,6.1,29.9,0
5/31/17,61,55.6,82.7,10,5.5,29.8,0
6/1/17,61.2,56,83.8,9,4.6,29.8,0
6/2/17,61.5,57.4,86.8,10,5.2,29.8,0
6/3/17,61.2,58.4,91,13,7.2,29.9,0
6/4/17,59.2,56.5,91.1,10,5.3,29.9,0
6/5/17,61,57.2,87.7,10,5.5,29.9,0
6/6/17,59.7,55.9,87.5,12,5.2,29.9,0
6/7/17,60.1,57.1,90.2,12,4.6,29.9,0
6/8/17,62.8,56,79.5,13,6.2,29.9,0
6/9/17,65.5,57.8,77.1,21,8.4,29.9,0
6/10/17,62.7,54,73.6,9,4.4,29.8,0
6/11/17,62.9,46,56.1,23,8.9,29.9,0
6/12/17,65.8,43.8,45.8,25,13.9,30,0
6/13/17,63,53,72,10,4.3,29.9,0
6/14/17,63.6,55.4,76.5,9,4.8,29.8,0
6/15/17,64.3,57.3,79.8,9,4.3,29.9,0
6/16/17,65.6,57.2,76.6,8,4.7,29.9,0
6/17/17,63.4,59.7,88.2,10,5.5,29.8,0
6/18/17,62.7,60.1,91.5,13,5.8,29.8,0
6/19/17,60.9,59,93.8,14,5,29.8,0
6/20/17,64,60.1,88.2,9,5.9,29.8,0
6/21/17,64.9,59.2,82.9,9,3.5,29.7,0
6/22/17,61.9,59.8,93.2,14,6.4,29.8,0
6/23/17,61.6,59.4,92.6,16,7.5,29.9,0
6/24/17,64.4,59.3,84.5,9,6.1,29.9,0
6/25/17,66.5,60.3,81.6,13,5,29.9,0
6/26/17,67.8,58.9,75.4,10,5,29.9,0
6/27/17,64.3,57.5,79.9,12,5.4,29.8,0
6/28/17,62.6,57.7,85,10,5.5,29.8,0
6/29/17,62.2,57.6,85.5,10,5.8,29.9,0
6/30/17,60.8,56.5,86.9,10,6.1,29.9,0
7/1/17,61.4,56.9,85.5,10,5.2,29.9,0
7/2/17,62.3,58.2,87.2,12,4.7,29.9,0
7/3/17,60.7,56.7,87.5,13,4.7,30,0
7/4/17,60.4,57.7,91.1,13,4.8,29.9,0
7/5/17,65.1,59.1,82.4,13,5.2,29.9,0
7/6/17,66.9,60.4,80.7,10,5.7,29.9,0
7/7/17,68.4,61.8,80.3,12,6.1,29.8,0
7/8/17,69.8,59.8,73.1,13,4.9,29.8,0
7/9/17,69,63.1,81.9,10,4.5,29.9,0
7/10/17,68.4,62,81.1,9,4.2,29.9,0.04
7/11/17,64.9,62.3,91.8,14,5.1,29.9,0
7/12/17,64.2,62,92.8,10,4.9,29.9,0
7/13/17,63.8,61,91.1,12,6.3,30,0
7/14/17,63,60,90.4,9,4.4,30,0
7/15/17,66.4,60,81.4,10,4.1,29.9,0
7/16/17,69.3,61.8,77.9,12,4.5,29.9,0
7/17/17,67,63.6,89.3,13,5.1,29.9,0
7/18/17,65,62.3,91.5,15,5,29.9,0
7/19/17,66,62.4,89.2,13,4.8,29.9,0
7/20/17,65.8,59.6,81.8,12,5,29.9,0
7/21/17,66.4,60.4,81.6,9,5.6,29.9,0
7/22/17,65.7,60.7,84.7,14,5.7,29.9,0
7/23/17,62.4,60.3,93.3,14,4.8,29.9,0
7/24/17,65.4,62.1,89.7,12,5.8,29.9,0
7/25/17,66.3,61,84,15,6.3,29.9,0
7/26/17,66.1,60.6,83.3,14,6.3,30,0
7/27/17,66.6,61.3,83.5,12,6,29.9,0
7/28/17,64.8,61.4,89,12,6.4,29.9,0
7/29/17,64.8,61,87.9,15,6.2,30,0
7/30/17,64.3,60.6,88.3,13,7,30,0
7/31/17,65.9,61,84.7,9,4.4,29.9,0
8/1/17,68,61.1,79.1,15,6.1,29.8,0
8/2/17,71.8,63.8,77.4,10,4.2,29.9,0
8/3/17,72.4,63.8,76.2,14,4.5,29.9,0
8/4/17,70.3,65,84.1,14,6.6,29.9,0
8/5/17,67.4,63.1,86,13,6.6,29.9,0
8/6/17,67.3,61.8,83.3,9,4.9,29.9,0
8/7/17,67.2,61.3,82.1,10,5.1,29.9,0
8/8/17,69.3,61.8,78.4,12,5.5,29.9,0
8/9/17,68.7,62,80.2,9,5.6,29.9,0
8/10/17,68.8,61.5,79,10,6.7,29.9,0
8/11/17,67.4,61.4,82.2,9,6.1,29.8,0
8/12/17,64.2,60.6,88.2,12,6.4,29.9,0
8/13/17,65,60.5,86,13,5.6,29.9,0
8/14/17,64.3,60.6,88.5,12,5.9,29.9,0
8/15/17,66.4,57.8,74.9,12,6.1,29.9,0
8/16/17,66.1,57.5,74.5,12,5.4,29.9,0
8/17/17,66.1,59.4,79.7,13,7,30,0
8/18/17,65.6,60.6,84.3,13,6.1,29.9,0
8/19/17,64.8,60.6,86.7,12,6.7,29.9,0
8/20/17,65.8,59.9,81.9,12,4.7,29.9,0
8/21/17,68,59.9,76.2,13,5.6,30,0
8/22/17,66.3,60,81.1,14,5.1,29.9,0
8/23/17,65.1,61.1,87,12,7.9,29.9,0
8/24/17,65.3,60.8,85.7,13,6.3,29.8,0
8/25/17,66,62.8,89.5,8,5.4,29.8,0
8/26/17,64.1,62.4,94.7,13,3.8,29.9,0
8/27/17,64.6,61.6,90.5,14,4.8,29.9,0
8/28/17,66.8,62.5,86.8,12,6.9,29.8,0
8/29/17,69.5,62.7,80.2,10,4.3,29.8,0
8/30/17,70.4,62.9,78.4,9,4.8,29.7,0
8/31/17,72.3,63.4,75.9,9,4.5,29.7,0
9/1/17,74.7,63.9,71.2,10,4.5,29.7,0
9/2/17,75.5,65.6,72.4,15,5.7,29.8,0
9/3/17,79.3,67,69.2,17,4.8,29.9,0
9/4/17,73.2,69.4,87.8,10,7,29.9,0
9/5/17,71.8,66.5,83.8,15,7.1,29.9,0.01
9/6/17,68.3,63.6,85.4,15,5.9,29.9,0
9/7/17,69.2,63.3,82.3,10,5,29.8,0
9/8/17,68.8,62.5,81.3,9,5.8,29.8,0
9/9/17,65.5,61.2,86.5,10,5.8,29.9,0
9/10/17,66.1,62.5,88.5,12,4.6,29.9,0
9/11/17,71.4,66.1,84.5,14,6.3,29.9,0.15
9/12/17,67.5,63.1,86.8,17,7.4,29.9,0
9/13/17,66.6,61.3,83.8,15,7.5,29.9,0
9/14/17,66.6,59.5,78.8,16,6.3,29.9,0
9/15/17,64.8,57.9,79.7,14,5.2,29.9,0
9/16/17,64,57,79.1,10,4.4,29.9,0
9/17/17,64.3,59.8,85.6,9,4.7,29.9,0
9/18/17,53.1,50.4,77.5,12,3.2,29.9,0
9/19/17,64,58.5,83.1,9,3.4,29.9,0
9/20/17,64.4,57.5,79.1,10,5.3,29.8,0
9/21/17,65.6,50.2,60.4,26,11.4,29.8,0
9/22/17,62.5,47.8,59.5,21,6.3,29.8,0
9/23/17,60.4,52.2,75.5,12,3.8,29.8,0
9/24/17,63.5,47.2,60.9,14,4.7,29.8,0
9/25/17,65.8,47.8,56.6,8,2.9,29.8,0
9/26/17,66.2,47.1,56.2,8,2.9,29.8,0
9/27/17,69.5,59.3,72.3,13,6.6,29.9,0
9/28/17,62.2,58.7,89.3,13,4.2,29.9,0
9/29/17,65.1,59,82.8,9,4.9,29.9,0
9/30/17,65.3,59.9,83,10,5.2,29.8,0
10/1/17,62.1,57.9,87,9,4.1,29.8,0
10/2/17,62.8,56.9,82.2,14,3.6,29.8,0
10/3/17,60.9,54,79.4,7,2.2,29.8,0
10/4/17,60.5,43.8,57.8,9,3.1,29.9,0
10/5/17,61.9,47.7,62.8,9,3.3,29.9,0
10/6/17,66.3,45,54.2,14,3.7,29.9,0
10/7/17,65,52.7,67.4,8,1.9,29.8,0
10/8/17,61.6,56.2,82.9,10,4,29.7,0
10/9/17,65.8,56.1,74.7,15,5.6,29.8,0
10/10/17,60.4,53.1,77.9,15,4.6,29.9,0
10/11/17,60,54.1,82,9,3.6,29.9,0
10/12/17,60.3,54.3,81.9,13,3.4,29.9,0
10/13/17,59.7,52.7,79,8,2.5,29.9,0
10/14/17,61.2,52.4,75.5,9,2.7,29.9,0
10/15/17,65.5,43.5,50.5,12,4.5,30,0
10/16/17,66.7,44.3,51.4,13,3,30,0
10/17/17,70.2,50,51.8,12,4.1,29.9,0
10/18/17,68.9,57.4,68.3,10,5.6,29.9,0
10/19/17,67.7,54.2,65.1,17,5.8,29.9,0
10/20/17,67.3,48.6,53,24,13.1,29.9,0
10/21/17,61.4,45.6,58.7,14,4.9,30,0
10/22/17,62.1,46.3,61.4,8,2.5,30.1,0
10/23/17,70.8,41.9,46.5,12,3,30,0
10/24/17,74.7,39.7,36.3,13,3.3,30,0
10/25/17,72.3,40.2,39.8,9,3.3,29.9,0
10/26/17,66,45.6,51.4,9,3.1,29.8,0
10/27/17,58.8,53.9,84.8,10,2.9,29.9,0
10/28/17,58.2,57.2,96.8,10,3.8,29.9,0
10/29/17,60.6,56.7,86.9,12,6.1,29.9,0
10/30/17,62.2,55.9,80.1,12,4.4,29.9,0
10/31/17,62.8,53.9,72.8,8,4.9,29.9,0
11/1/17,63,52.9,70.4,14,4.5,29.9,0
11/2/17,62.7,52,68.5,10,3.6,30,0
11/3/17,62,52.6,71.9,10,4,30,0
11/4/17,60.6,54.5,81.1,20,6.9,30,0
11/5/17,61.8,50.6,69.1,14,5.3,30,0
11/6/17,59,49.6,71.3,12,3.4,30,0
11/7/17,58.3,48,70.7,9,3.3,30.1,0
11/8/17,59.8,51.5,76.1,10,2.7,30,0
11/9/17,59.6,56.1,89.3,16,5,30,0
11/10/17,56,52.3,88.7,9,3,30,0
11/11/17,56.5,52.2,86.4,8,1.8,30,0
11/12/17,55.8,51,85.1,7,1.8,30,0
11/13/17,56.3,51.2,84.3,12,3,30.1,0
11/14/17,59.8,52.7,78.2,9,4.3,30,0
11/15/17,60.2,52.1,76.5,8,3.2,29.9,0
11/16/17,61.3,57.7,88.2,9,2.9,29.9,0
11/17/17,62.6,56.5,81.7,20,7,30,0.07
11/18/17,56,48.2,77,9,3.4,30.1,0
11/19/17,53.7,46.3,78.2,12,3.9,30,0
11/20/17,58.7,48.9,71,8,3.3,30,0
11/21/17,64.6,46.9,56.7,8,2.8,30,0
11/22/17,67.5,46.5,57,8,2.7,30,0
11/23/17,61.2,51.5,74.6,6,2,29.9,0
11/24/17,59.3,53.8,82.9,7,3.1,29.9,0
11/25/17,61.6,51.9,75,13,4.3,30,0
11/26/17,57.8,55.6,92.7,10,4.8,30,0
11/27/17,61,39.1,51,24,10.1,30,0
11/28/17,53.1,40.2,62.5,6,1.8,29.9,0
11/29/17,54.3,42.6,68.3,12,2.8,30,0
11/30/17,52.7,45.7,78.7,13,3.8,30,0
12/1/17,53.5,46.4,79.3,8,2.2,30,0
12/2/17,54.3,47.3,79.2,8,2,30,0
12/3/17,51.9,48.1,88.2,9,2.6,30,0
12/4/17,49.4,41.2,75.9,9,2.6,30,0
12/5/17,47.1,31,56.1,13,4.5,30.1,0
12/6/17,48.4,32.1,57,8,1.8,30.2,0
12/7/17,53.2,27.6,40.6,13,3.3,30.3,0
12/8/17,52.6,29.3,43.7,7,2.5,30.3,0
12/9/17,53.3,29.6,45.2,7,1.6,30.2,0
12/10/17,55.3,30.4,41.4,9,2.2,30.1,0
12/11/17,53.8,24.2,37.5,8,2.5,30.1,0
12/12/17,52.9,23.4,36.6,6,1.8,30.1,0
12/13/17,50.2,31.6,54.4,7,1.6,29.9,0
12/14/17,49.8,37.8,65.2,8,2,30,0
12/15/17,53,35.1,59.1,8,1.9,30,0
12/16/17,58.3,37.3,49.4,18,5,29.7,0
12/17/17,50.5,34.8,57.1,12,2.7,29.9,0
12/18/17,50.5,29.9,48.5,9,2.4,30.1,0
12/19/17,50.4,41.5,72.5,10,2.9,30.1,0
12/20/17,51.1,37.6,65.8,20,6.4,30.1,0
12/21/17,46.8,28.8,51.5,9,4.2,30.1,0
12/22/17,45.7,34.1,65.7,8,3.2,30.2,0
12/23/17,48.7,35.6,62.3,7,1.8,30.1,0
12/24/17,52,40.5,66,10,2.4,30.1,0
12/25/17,50.1,42.4,75.4,6,2.2,30.1,0
12/26/17,51.2,43.9,78.2,8,2,30.1,0
12/27/17,51.6,44.3,78.2,7,1.7,30.1,0
12/28/17,53.3,36.8,58.6,7,2.3,30.1,0
12/29/17,54.7,36,54.3,9,2.5,30.1,0
12/30/17,48.8,45.4,88.7,12,3.2,30.1,0
12/31/17,52.5,49.5,90.1,12,3.2,30.1,0
1/1/18,51.4,47.4,86.8,9,2.8,30.1,0
1/2/18,53.2,49,86.5,8,2.4,30.1,0
1/3/18,53.2,45.7,77.6,9,1.9,30,0
1/4/18,59.4,52.7,79.3,7,2.5,30.1,0.03
1/5/18,57.2,56.7,98.1,7,2.4,30.1,0.17
1/6/18,57.5,56.7,97.3,10,2.6,30.1,0
1/7/18,54.8,53.7,96,7,2.2,30,0
1/8/18,59.7,57,91,20,6.9,29.9,0.01
1/9/18,57.2,53.5,88,29,14.7,29.6,1.08
1/10/18,58.1,47.2,68.6,15,6.1,30,1.43
1/11/18,54.5,50.2,86,9,3.5,30.2,0
1/12/18,53.3,48.5,85.6,12,2.2,30.1,0
1/13/18,58.3,41.8,61.1,12,2.8,30.1,0
1/14/18,58.7,40.4,57,6,1.7,30.1,0
1/15/18,53.5,49.9,88,9,3.5,30.1,0
1/16/18,52.6,49.9,91.3,6,2.6,30.1,0
1/17/18,56,51.1,84.9,8,1.6,30.1,0
1/18/18,56.6,51.1,82.7,9,2.7,30,0
1/19/18,56.1,45,69.2,16,6.3,29.9,0
1/20/18,53.5,33.3,48.7,16,8.7,30.1,0
1/21/18,51.4,33.5,51.5,8,3.5,30.2,0
1/22/18,54.4,36.8,53.6,14,5.2,30.2,0
1/23/18,53.2,39,61.7,10,3,30.1,0
1/24/18,52,39.8,65.9,10,2.5,30.1,0
1/25/18,52.6,36.6,58.7,21,7.7,30.1,0
1/26/18,52.3,36.6,57,15,5.4,30.2,0
1/27/18,51.1,31.9,53.1,9,2.4,30.2,0
1/28/18,57.2,33.3,46.6,8,3.1,30.1,0
1/29/18,58.8,36.9,49.1,9,2.8,30.1,0
1/30/18,59.4,37.8,49.9,8,1.5,30,0
1/31/18,54.6,39.8,60.7,7,2.1,29.9,0
2/1/18,56.8,38.9,56.4,7,2.2,30,0
2/2/18,57.1,42.8,61.9,12,2.4,30,0
2/3/18,56.4,44.8,68,9,3.7,30,0
2/4/18,56.9,48.4,75.5,10,2.8,30,0
2/5/18,51.8,50.4,95.1,10,3.4,29.9,0
2/6/18,54,51.1,90.7,8,4.4,30,0
2/7/18,49.6,47.5,93.4,14,1.9,30.1,0
2/8/18,55.7,47.3,77.2,8,2.8,30.1,0
2/9/18,54.4,50.5,87.9,15,4.4,29.9,0
2/10/18,56.1,50.8,82.8,6,4,29.9,0
2/11/18,55,44.8,71.8,17,5,29.9,0
2/12/18,53.5,37.7,56.9,25,8.7,29.8,0
2/13/18,53.3,43.2,69,18,7.2,30.1,0
2/14/18,54.1,44.2,70.9,9,2.9,30.1,0
2/15/18,55.8,33.7,45.9,12,5,30.1,0.01
2/16/18,54,35.2,52.9,7,2.8,30.1,0
2/17/18,52.8,40,63.7,12,3,30.1,0
2/18/18,52.5,42.4,69.9,17,5.5,29.9,0
2/19/18,50.3,26.8,41.4,23,13.9,29.9,0
2/20/18,47.4,23.1,41.2,14,6.3,30.1,0
2/21/18,49.6,28.2,46,23,7.5,30.1,0
2/22/18,48.6,32.3,55.6,18,7,30.2,0
2/23/18,50.3,20,33.3,20,10.4,30.2,0
2/24/18,48.2,26.9,45.4,12,3.8,30.3,0
2/25/18,50.9,33.8,54.5,13,4.9,30.1,0
2/26/18,49.8,36.9,63,21,7.8,29.9,0
2/27/18,45.9,31.4,58.5,9,3.9,29.9,0
2/28/18,46.5,33.8,62.2,10,4.3,30.1,0
3/1/18,50.4,44.5,81,13,5.8,30.1,0
3/2/18,54,50.3,88.2,13,5.8,30,0.25
3/3/18,51.9,44.7,78,14,5.2,30,0.18
3/4/18,51.2,32.4,51.3,13,5.5,30.2,0.06
3/5/18,52.3,29.4,47.8,10,3,30.1,0
3/6/18,55.4,28.3,42,9,2.8,30,0
3/7/18,53.8,40.9,62.6,13,3.3,30,0
3/8/18,57,44.5,66.2,9,4.3,30,0
3/9/18,57.9,52.1,81.4,10,4.5,29.9,0
3/10/18,57.1,54.1,89.8,12,6,29.9,0
3/11/18,59.3,55.1,86.2,10,4.5,30,0.87
3/12/18,58.5,55.5,89.8,8,4.7,30.1,0.01
3/13/18,58.9,57,93.5,13,4.5,30,0.01
3/14/18,55,49.5,82.6,15,4.7,30,0.63
3/15/18,55.5,41.9,61.9,23,8.1,30,0.44
3/16/18,51.1,46.3,83.8,9,3.4,30,0
3/17/18,51.8,40.1,65.5,21,9.1,30,0.12
3/18/18,50.7,38.8,64.7,12,4.5,30.1,0
3/19/18,52.5,41.5,69,13,3.7,30.1,0
3/20/18,55.5,46.5,73.3,17,3.8,30,0
3/21/18,56.1,53.9,92.3,13,5.5,30,0.32
3/22/18,58.1,55.8,92.3,16,6.7,30,1.81
3/23/18,54.3,46.8,76.7,10,3.9,30.1,0.8
3/24/18,54.7,42.3,65,21,8.3,30,0
3/25/18,57.1,33.7,42.4,21,11.5,30,0
3/26/18,59.9,29.4,32.6,17,10.2,30,0
3/27/18,58.6,37.6,48.6,14,5.3,30.1,0
3/28/18,56.8,45.8,69.5,9,4.1,30.1,0
3/29/18,53.3,51.2,92.8,9,5.4,30,0
3/30/18,52.4,50.9,95,12,5.1,30,0
3/31/18,53.2,51.8,95.4,12,4.8,30,0
4/1/18,55,52,90,9,5.3,29.9,0
4/2/18,55.1,50.4,84.7,8,4.2,29.9,0
4/3/18,55.1,50,83.4,13,5.4,30,0
4/4/18,55.6,52.5,89.4,9,5.2,30,0
4/5/18,56.3,51.4,84.2,10,4.5,30,0
4/6/18,59.8,52.3,76.5,23,9.3,29.9,0
4/7/18,64.9,56,74.8,17,6.7,29.9,0
4/8/18,67,43.8,46.3,21,7.5,29.9,0
4/9/18,66.7,42.8,51.4,14,3.3,29.9,0
4/10/18,62.7,51.4,68.5,10,4.7,30,0
4/11/18,62.8,45.6,58.3,24,7.9,29.9,0
4/12/18,61.6,34.4,39.5,23,14.5,30.1,0
4/13/18,61,34.5,41.5,17,6.6,30.2,0
4/14/18,60.6,40.7,54.4,8,2.9,30.1,0
4/15/18,58.8,48.2,71.1,10,4.4,30,0
4/16/18,56,39.6,55.9,25,11.9,30,0
4/17/18,57.7,37,48.4,14,9.1,30.1,0
4/18/18,56,41.4,58.8,13,4.9,30,0
4/19/18,57.8,41.1,55.8,23,12.3,30,0
4/20/18,56.6,46.4,69.1,16,7,30.1,0
4/21/18,60.2,49.5,70,14,5.2,30,0
4/22/18,60.1,51.9,76.3,10,4.2,29.9,0
4/23/18,56,52.8,89.4,14,6.4,30,0
4/24/18,54.4,50.8,88.2,10,6,30,0
4/25/18,54.8,50.2,85,13,5.5,30,0
4/26/18,54.1,50,86.5,12,4.7,30,0
4/27/18,56.5,48.6,75.7,12,6.4,30,0
4/28/18,62.4,45.4,55.5,25,11,29.9,0
4/29/18,61.7,46,57.3,21,8.3,29.9,0
4/30/18,58.8,45.8,63.2,18,6.4,29.9,0
5/1/18,55.3,45.7,71.1,9,3.9,29.9,0
5/2/18,56.1,47.4,73.3,14,4.5,30,0
5/3/18,58,49.2,74.3,10,4.4,30.1,0
5/4/18,60.9,52.6,75.4,13,5.3,30.1,0
5/5/18,61.4,53,75.3,9,4,30,0
5/6/18,59.6,52.5,78.5,8,4.8,29.9,0
5/7/18,57.8,52.9,83.8,9,5.1,30,0
5/8/18,57.1,52.5,85.4,9,4.3,30,0
5/9/18,59.4,53.9,82.6,12,5.8,29.9,0
5/10/18,61.3,52,72.1,12,5.6,29.8,0
5/11/18,58,51.9,80.7,8,4.4,29.8,0
5/12/18,60.2,51.5,73.8,9,4.9,29.9,0
5/13/18,59.2,49.8,71.9,20,5.7,30,0
5/14/18,59.1,49.8,72.2,15,7.2,29.9,0
5/15/18,58.5,49.4,72.6,16,6.3,30,0
5/16/18,60.6,47,62.7,22,6.6,30,0
5/17/18,60.2,49.8,69,9,4.5,29.9,0
5/18/18,59.5,51.4,75,13,5.3,29.9,0
5/19/18,59.2,51.9,77.2,14,6.1,29.9,0
5/20/18,60.4,49.4,68,13,4.9,29.9,0
5/21/18,60.2,48.5,65.7,12,4.5,29.8,0
5/22/18,59.3,50.5,73.5,9,5,29.9,0
5/23/18,59.5,52.3,77.7,10,5.1,29.9,0
5/24/18,59.2,52.2,77.9,12,3.9,30,0
5/25/18,60.1,49.6,69.2,22,9.6,30.1,0
5/26/18,62.8,49,62.3,22,8.6,29.9,0
5/27/18,59.3,51.4,76,14,5.9,29.9,0
5/28/18,59.7,54,81.6,15,7.3,29.9,0
5/29/18,59.1,55,86.6,12,5.2,29.8,0
5/30/18,60,56.1,87.4,9,3.1,29.8,0
5/31/18,61.6,49.4,66,13,5.4,29.9,0
6/1/18,60.5,50.3,70.5,10,4.7,29.9,0
6/2/18,62.7,53.5,73,13,5.6,29.9,0
6/3/18,61.2,55.4,81.8,15,7.3,29.9,0
6/4/18,60.7,55.4,83,10,6.5,29.9,0
6/5/18,61.2,55,80.3,12,5.7,29.9,0
6/6/18,60.3,52,75.3,16,5.9,29.9,0
6/7/18,61.2,52.5,74,15,5.3,29.9,0
6/8/18,63,54.3,74.5,12,4.6,29.9,0
6/9/18,67.3,53.3,63.4,21,6.3,29.9,0
6/10/18,65.8,53.2,65.8,16,7.3,29.8,0
6/11/18,63.9,53.5,70.3,8,4.8,29.8,0
6/12/18,63,56.6,80.4,14,6.2,29.8,0
6/13/18,60.1,56.3,88.1,12,5.7,29.8,0
6/14/18,60.2,55.1,83.8,16,6.3,29.8,0
6/15/18,61.9,54.9,78.7,13,5.1,29.8,0
6/16/18,61.2,53.9,77.3,10,4.4,29.8,0
6/17/18,60.7,52.8,75.9,14,5.8,29.9,0
6/18/18,61.3,51.8,71.9,12,5.2,30,0
6/19/18,61.8,55.1,79.4,10,5.4,29.9,0
6/20/18,61.9,55.7,80.5,14,6,29.9,0
6/21/18,62.8,56.8,81.1,9,5.8,29.9,0
6/22/18,61.8,57.2,85.3,10,5.6,29.8,0
6/23/18,63.2,59.1,86.8,13,7.9,29.8,0
6/24/18,64.8,58.3,79.7,14,7.5,29.9,0
6/25/18,65.6,57.9,76.4,16,7.8,29.9,0
6/26/18,64.4,58.7,82.1,16,6.8,29.9,0
6/27/18,64.8,58,79.3,14,6.6,29.9,0
6/28/18,63.7,55.9,76.7,13,5.2,29.9,0
6/29/18,64.5,56.8,76.6,10,6,29.9,0
6/30/18,65.4,57.8,76.9,10,4.8,29.9,0
7/1/18,65,57.9,78.5,17,6,30,0
7/2/18,63.6,57.8,81.5,14,6.1,29.9,0
7/3/18,64.4,57.9,80.2,10,4.7,29.9,0
7/4/18,66,57.3,74.2,14,6.9,30,0
7/5/18,65.1,57.5,77.9,16,5.7,30,0
7/6/18,81.6,54.9,50.5,15,6.7,29.8,0
7/7/18,71.9,61.2,69.5,13,6.5,29.8,0
7/8/18,73.3,60.4,66,9,3.6,29.8,0
7/9/18,73.5,61,66.9,15,5.7,29.9,0
7/10/18,72,64.9,78.8,8,4.1,29.9,0
7/11/18,69.3,62,78.4,12,4.7,29.9,0
7/12/18,68.2,61.3,79.2,14,6.3,29.9,0
7/13/18,67.6,61.1,80.6,13,5.1,30,0
7/14/18,69.5,62.2,78.4,12,6.6,29.9,0
7/15/18,70.6,61.7,74.5,10,6.1,29.9,0
7/16/18,68.3,60.6,77,13,7,29.9,0
7/17/18,67.5,60.9,79.7,12,7.8,29.9,0
7/18/18,67.1,60.9,80.9,13,5.6,30,0
7/19/18,67.6,62.3,83.7,10,4.2,29.9,0
7/20/18,70.4,63,78.2,14,9.5,29.9,0
7/21/18,67.3,61.4,81.6,15,7.5,30,0
7/22/18,71.5,62.6,74.4,10,5.5,30,0
7/23/18,74.1,63,69.3,12,5,29.9,0
7/24/18,71.7,62.8,74,10,5.5,29.9,0
7/25/18,71,62.5,75.3,8,5,29.9,0
7/26/18,68.3,63.3,84.2,7,4.6,29.9,0
7/27/18,68.8,61.3,77.9,9,5.1,29.9,0
7/28/18,65.6,60.4,83.7,13,4.4,29.9,0
7/29/18,64.6,60.9,88.6,15,4.3,29.9,0
7/30/18,65.5,60.7,85.2,9,3,29.9,0
7/31/18,68.4,60,76.1,10,4.1,29.9,0
8/1/18,70.6,60.7,72.2,9,4.9,29.9,0
8/2/18,67.1,60.1,79.3,8,4.3,29.9,0
8/3/18,68.3,59.8,75.8,9,4.2,29.9,0
8/4/18,66.3,60.2,81.3,10,4.3,29.8,0
8/5/18,67.5,60.5,79.1,9,4,29.8,0
8/6/18,69.8,60.9,74.8,9,4.1,29.8,0
8/7/18,71,62.1,74.5,9,5,29.7,0
8/8/18,70.4,65.2,84.7,13,5.8,29.9,0
8/9/18,68.3,63.8,86.3,12,3.7,29.9,0
8/10/18,72.4,62.2,72.3,12,4.3,29.9,0
8/11/18,71.1,61.5,72.8,14,6.2,29.9,0
8/12/18,69.8,63,79.8,12,6.3,29.9,0
8/13/18,69.8,62.9,79.3,13,4.5,29.9,0
8/14/18,70.3,62.1,75.7,10,4.7,29.9,0
8/15/18,71.4,62.4,74.2,13,6.3,29.9,0
8/16/18,71.2,63.9,78.2,12,5.3,30,0
8/17/18,71,64.8,80.9,13,5.7,30,0
8/18/18,69.7,64,82.3,13,6.3,30,0
8/19/18,70.5,63.7,79.6,12,6.6,29.9,0
8/20/18,68.9,63.4,82.8,13,5.4,29.9,0
8/21/18,69.4,63.7,82.6,13,5.4,29.9,0
8/22/18,68.8,61.7,78.6,14,5.3,30,0
8/23/18,69,60.6,75.3,13,6.4,29.9,0
8/24/18,69.5,60.5,74,12,7,29.9,0
8/25/18,68.8,60.9,76.3,12,7,29.9,0
8/26/18,67.6,60.2,77.7,13,7.4,29.9,0
8/27/18,66,58.5,78.1,12,6,29.9,0
8/28/18,72.2,59.4,64.7,10,6.1,29.9,0
8/29/18,69.7,57.4,66.3,10,4.2,29.9,0
8/30/18,69.2,55.3,62.9,8,4.2,29.9,0
8/31/18,69.3,59,70.5,12,4.8,29.8,0
9/1/18,68.4,60.9,77.7,14,6.1,29.8,0
9/2/18,67.1,60.3,79.3,10,3.3,29.8,0
9/3/18,66.2,60.4,82.1,16,6,29.9,0
9/4/18,65.1,60.1,84.1,10,5.7,29.9,0
9/5/18,64.8,60.3,85.7,15,4.7,29.9,0
9/6/18,64.7,59.6,83.8,12,4.6,30,0
9/7/18,64.2,60.5,88,10,5.2,29.9,0
9/8/18,65.7,62.2,88.8,9,4.4,29.9,0
9/9/18,66.2,61.6,85.9,9,4.8,29.8,0
9/10/18,65.7,60.5,83.7,12,6.1,29.8,0
9/11/18,64.7,60.1,85.4,13,5,29.8,0
9/12/18,64.4,58.3,81.4,15,4.6,29.9,0
9/13/18,65.5,55.2,72.7,10,3.3,29.9,0
9/14/18,66.4,55.2,69.5,10,4,29.8,0
9/15/18,66.1,56.1,72.4,9,3.2,29.8,0
9/16/18,65.1,55.4,72.8,8,2.7,29.9,0
9/17/18,65.2,55.5,72.7,9,3.8,29.9,0
9/18/18,65.2,55.8,73.1,10,3.8,29.8,0
9/19/18,64.6,57.6,79.2,10,4.8,29.7,0
9/20/18,63.5,58.7,84.9,9,3.4,29.8,0
9/21/18,66.1,60.8,83.6,10,3.2,29.9,0
9/22/18,62.2,59.1,90.2,14,3.9,29.9,0
9/23/18,62.5,58.4,86.9,14,5.9,29.8,0
9/24/18,62.9,58.2,85.4,13,6.5,29.9,0
9/25/18,61.9,56.9,83.7,12,6.4,29.9,0
9/26/18,63.6,58.5,83.7,14,5.6,29.9,0
9/27/18,64.8,60.3,85.6,8,4.9,29.9,0
9/28/18,64.3,60.5,87.9,9,5.9,29.9,0
9/29/18,64.6,57.3,78.2,12,3.5,29.9,0
9/30/18,63.2,55.4,77,13,3.3,29.8,0
10/1/18,65.2,54.8,72.5,14,4.1,29.8,0
10/2/18,66.4,59.8,80,9,5.5,29.8,0
10/3/18,66,62.1,87.3,12,6,29.9,0
10/4/18,64.4,60.5,87.5,15,4.5,29.9,0.41
10/5/18,65.7,57.3,75.9,15,5.1,29.9,0.01
10/6/18,64.8,57.6,78.1,10,5.1,29.8,0
10/7/18,64.9,55.3,73.3,12,4.4,29.8,0
10/8/18,63.7,57.8,81.4,10,5.4,29.8,0
10/9/18,65.5,56.9,74.2,9,5.5,29.8,0
10/10/18,62.7,55.8,78.8,12,3.6,29.8,0
10/11/18,63.1,53.6,72,9,3.8,29.8,0
10/12/18,62.9,55.7,78.5,15,6.3,29.8,0
10/13/18,65.4,58.9,80.2,12,4.3,29.8,0
10/14/18,64.1,55.8,75,14,4.3,29.9,0
10/15/18,62.4,48.5,64.4,15,4.4,30,0
10/16/18,62.9,43.7,55.3,8,3.1,30,0
10/17/18,62.2,45.8,59,12,3.5,30,0
10/18/18,62.1,49.6,67.3,12,3.3,30,0
10/19/18,67,40.3,46.4,14,4,30,0
10/20/18,67.4,42.4,47,12,3.3,29.9,0
10/21/18,63.9,54.7,72.5,8,3.8,29.9,0
10/22/18,62.2,57.2,84.2,14,5.4,29.9,0
10/23/18,63.3,56.8,80.9,9,4.2,29.9,0
10/24/18,61.9,55.6,80.6,8,3.5,29.9,0
10/25/18,60.9,56.5,86.3,13,5.3,30,0
10/26/18,60.5,56.1,86.1,12,2.8,30,0
10/27/18,59.4,57.5,93.9,9,3.6,30,0
10/28/18,61.1,58.4,91.3,10,4.3,30,0
10/29/18,58.5,55.9,91.7,9,2.8,29.9,0
10/30/18,60.9,53.4,80.4,17,3.5,29.9,0
10/31/18,60.7,44.8,60.6,8,3.6,30,0
11/1/18,62.9,33.3,41.6,12,3.5,30,0
11/2/18,64.3,44.5,54.4,12,2.7,30,0
11/3/18,63.4,52.8,71.5,8,3.9,29.9,0
11/4/18,62.7,53.1,72.5,7,3.6,29.9,0
11/5/18,59.5,54.7,84.5,7,2.9,29.9,0
11/6/18,62.4,55.6,79.3,12,4.5,29.9,0
11/7/18,56.3,52.3,87.3,9,2.3,29.9,0
11/8/18,59.5,52.5,78.6,10,3.4,29.9,0
11/9/18,57.1,34.4,45.9,9,3.2,30,0
11/10/18,55.7,41.1,61.1,9,3,29.9,0
11/11/18,56.7,37.1,53.6,6,2,30,0
11/12/18,56.6,28.5,39.9,8,2.9,30.2,0
11/13/18,57.2,29.5,37.8,12,2.9,30.3,0
11/14/18,58,34.4,43.7,13,3.6,30.2,0
11/15/18,57.6,35.1,48.8,10,3.5,30,0
11/16/18,56.5,46.3,70.9,7,1.9,30,0
11/17/18,54.5,51.1,89.2,8,2.8,30,0
11/18/18,55.4,50.9,85.7,8,2.3,30,0
11/19/18,55.5,50.2,83,8,2.6,30,0
11/20/18,54.7,46.9,78.2,8,2.6,30,0
11/21/18,58.3,52.9,82.8,13,6.6,30.1,0
11/22/18,55.6,51.3,87.4,18,3.4,30.1,0.51
11/23/18,60.5,50.2,70.1,20,7,30.1,0
11/24/18,65,52.2,65.3,18,8.6,29.9,0
11/25/18,58.7,53.7,84.2,10,2.8,30,0
11/26/18,58.7,46.2,67.1,8,2.7,30.1,0
11/27/18,59.4,51,74.5,12,3.7,30,0
11/28/18,58.1,55.4,90.9,13,4.6,29.9,0
11/29/18,58.9,55.7,89.4,22,10.3,29.8,0
11/30/18,58.1,43.3,60.3,18,10.5,29.9,0
12/1/18,55.7,39.9,57.6,22,9.2,30,0
12/2/18,54.8,35.7,50.1,16,5.9,30,0
12/3/18,53.4,37.3,56.6,8,2.4,30.1,0
12/4/18,55.1,43.5,67,16,5.2,30,0
12/5/18,57.5,47,69.3,23,11.3,29.8,0.1
12/6/18,58,51.5,79.5,12,6,29.8,0.08
12/7/18,54.7,49.5,83.5,8,2.3,30.1,0.02
12/8/18,53.7,45.5,76.9,7,1.8,30.2,0
12/9/18,54.1,44.6,73.3,8,2.1,30.2,0
12/10/18,53.5,48.7,84.2,8,2.3,30,0
12/11/18,53,43.5,72.5,7,2.8,30,0
12/12/18,52.3,46.7,82,13,3.7,30.1,0
12/13/18,53.1,43.1,74,7,1.3,30.2,0
12/14/18,54.7,45.9,73.7,14,3.5,30.1,0
12/15/18,51.4,45.6,81.9,13,2.7,30.1,0
12/16/18,51.6,47.4,86.8,14,3.3,30.1,0
12/17/18,57.1,53.7,88.6,9,4.2,30.1,0.02
12/18/18,53,47.7,83.5,8,2.3,30.2,0.19
12/19/18,52.7,44.8,77.3,7,2.1,30.1,0
12/20/18,52.9,47.8,83.9,9,2,30.1,0
12/21/18,56.7,52.4,86.1,8,3.8,30,0
12/22/18,52.1,49.1,90.3,8,2.5,30,0
12/23/18,52,49.7,92.1,9,2.8,30.1,0
12/24/18,61.6,48.3,64.5,17,8.7,30,0
12/25/18,56.5,42.4,60.7,16,9.7,29.8,0
12/26/18,52.3,37.6,61,10,3.1,30,0.09
12/27/18,55,28,37.8,21,10,29.9,0
12/28/18,49.5,30.2,49.1,12,4.8,30.1,0
12/29/18,46.3,35.1,67.2,9,2.9,30.3,0
12/30/18,48.7,39.3,71.7,12,2.3,30,0
12/31/18,49.9,38.2,66.3,14,4.8,29.9,0
1/1/19,44,26.8,54.6,9,3.1,30.1,0
1/2/19,45.6,33,64.4,10,2.6,30.2,0
1/3/19,46.5,33.1,62,8,2.3,30.1,0
1/4/19,47.4,37.6,71,8,2.3,30,0
1/5/19,50.8,45.8,83.4,21,7,29.9,0
1/6/19,48.9,46.8,93.2,10,3.4,30,1.3
1/7/19,55.8,54.1,94.2,14,6,30.1,1.8
1/8/19,54.2,50.3,87.8,13,2.5,30.1,0.25
1/9/19,53.7,51.3,92,9,3.7,30.1,0
1/10/19,51.2,49,92.8,8,3,30.1,0.07
1/11/19,55.7,51.8,87.3,17,9,30,0
1/12/19,53.8,48.6,83,18,6.9,30,0.63
1/13/19,52.4,46.9,82.4,16,6.3,30,0.36
1/14/19,56.8,46.5,68.8,26,15.7,29.9,0
1/15/19,54.6,50.3,85.8,18,12.4,30,0.02
1/16/19,56.9,55,93.2,15,8.9,30.1,0.96
1/17/19,58.6,57.4,95.5,14,7.2,30.1,0.35
1/18/19,56.4,51.1,82.9,9,3.9,30.2,0.27
1/19/19,55.3,47,77.4,7,2.6,30.2,0
1/20/19,56.8,50.3,80.2,17,6.5,30,0
1/21/19,55.9,35.9,48.3,31,14.4,30.1,0.01
1/22/19,53.8,37,55.3,13,5.3,30.3,0
1/23/19,49.8,39.5,70,8,2.4,30.2,0
1/24/19,53.9,39.3,63,8,2.5,30.1,0
1/25/19,53.9,39.3,63,9,2.8,30.1,0
1/26/19,55.7,37.4,57,8,2,30.2,0
1/27/19,55.2,44.3,69.6,8,2.3,30.1,0
1/28/19,55.3,47.6,77.1,7,3.1,29.9,0
1/29/19,56,52.1,87,10,3.4,29.9,0
1/30/19,55.3,52.6,90.6,12,5.3,29.9,0
1/31/19,56.1,52.5,88.1,22,7.9,29.9,0
2/1/19,54.3,50,86.3,22,10.8,29.9,1.35
2/2/19,55.5,50.8,84.8,32,13.4,29.7,0.53
2/3/19,55,52.3,90.7,14,6.1,29.8,1.48
2/4/19,53.5,49.3,86.3,17,7.3,29.8,0.3
2/5/19,47.4,38.4,72.6,20,7.1,29.9,0.48
2/6/19,47.6,28.3,49.8,20,7.9,30.1,0.01
2/7/19,46.5,33.2,63.3,7,2.4,30.2,0
2/8/19,48.1,38.4,72.2,8,3.5,30.1,0
2/9/19,50.5,45.6,84.4,14,5.2,30,0.48
2/10/19,49.4,40.7,74,18,6.9,30,0.14
2/11/19,45.5,32.8,63.7,9,2.6,30.1,0.19
2/12/19,50.6,39,66.6,12,5.3,30,0
2/13/19,56.4,45.5,68.4,18,12.4,29.9,0
2/14/19,57.4,54.1,88.8,22,11.7,29.8,0.15
2/15/19,49.8,46,87.5,13,5.5,30.1,0.53
2/16/19,53.5,37.4,55.2,18,12.5,30.1,0.21
2/17/19,50.5,37.2,60.8,21,12.7,30,0
2/18/19,49.9,26.4,41.3,24,10.8,30.1,0.02
2/19/19,46.5,28.2,51.6,12,3.7,30.1,0
2/20/19,48.2,37.7,67.4,21,8.2,29.9,0
2/21/19,49,32.8,55.6,18,7.8,29.7,0.01
2/22/19,50,30.5,48.8,13,5.3,30,0
2/23/19,47.9,36.9,66.8,13,3.7,30.3,0
2/24/19,50,40.8,72.2,8,2.4,30.1,0
2/25/19,51.8,45.7,79.9,12,4,30,0
2/26/19,50.3,45.3,83.6,9,2.6,30.1,0
2/27/19,53.5,50.2,88.9,16,6.9,30.1,0
2/28/19,56.3,55.1,96.1,8,3.5,30.1,0.5
3/1/19,54.4,52,92,12,4.2,30,0.24
3/2/19,56,54.9,96.2,14,7,30,1.02
3/3/19,55.4,53,91.9,18,5.2,30.1,0.61
3/4/19,54.4,47,77.2,12,4.3,30,0
3/5/19,55.8,51.9,87,17,7.5,29.9,0
3/6/19,56.3,53,88.8,15,8,29.9,1.5
3/7/19,52.2,44.7,76.7,16,7,30,0.29
3/8/19,52.1,39.2,64,20,8.9,30,0
3/9/19,50.4,40.1,69.3,15,5.4,30,0
3/10/19,52.4,43.6,72.7,10,5.3,29.9,0
3/11/19,54.3,39.6,61.5,12,4.5,29.9,0
3/12/19,58.9,39.8,50.2,23,12,29.8,0
3/13/19,55.3,35.3,48.8,12,7.1,30,0
3/14/19,53.3,31.9,48.7,13,3.6,30.1,0
3/15/19,53.5,39.1,61.4,10,3.4,30.1,0
3/16/19,57.6,38.8,54.9,8,3.3,30,0
3/17/19,60.8,40.6,54.1,12,3.7,30,0
3/18/19,58.3,49,72.6,8,4.1,29.9,0
3/19/19,53.8,51.7,93,16,6,29.9,0
3/20/19,56.1,49.3,79.3,16,5.8,30,0.12
3/21/19,52.6,46.7,80.7,22,6.7,30.1,0
3/22/19,53.9,48.1,81.3,9,4.7,30.1,0.13
3/23/19,55.8,49.3,79.3,13,4.4,30.1,0
3/24/19,53.8,48.2,82.4,12,4,30.1,0
3/25/19,54.7,48,79.5,18,5.6,30.1,0
3/26/19,54.5,49.8,85,13,4.3,30,0
3/27/19,56.2,53.6,91,10,3.3,30.1,0
3/28/19,58.6,47.6,69.8,18,7.8,30.1,0.1
3/29/19,61.4,39.9,47.4,21,9.8,30.1,0
3/30/19,61.1,42.1,53.8,12,4.8,30,0
3/31/19,62.6,45.3,58.6,10,4,30,0
4/1/19,62.6,48,65,7,3.3,29.9,0
4/2/19,58.6,52.4,80.2,16,7.5,29.9,0
4/3/19,57,49.9,77.9,9,5.3,30,0
4/4/19,57,50.2,78.5,9,4.6,30,0
4/5/19,55.2,50,82.9,20,6.5,30,0
4/6/19,58.5,51.5,78.8,13,5.2,30.1,0
4/7/19,63.8,52.9,69.9,12,5.3,30.1,0
4/8/19,72.8,52.2,50.9,17,5.9,30,0
4/9/19,66.2,46.7,52.3,23,12.7,30,0
4/10/19,63.6,36.6,39.9,17,9,30.1,0
4/11/19,64.6,39.1,40.8,25,13.6,29.9,0
4/12/19,61.2,43.6,53.9,20,10.2,29.8,0
4/13/19,59.1,47,66.2,10,4.4,29.9,0
4/14/19,52.6,50.1,91.9,10,4.3,29.9,0
4/15/19,54.9,50.5,85.6,12,6.2,29.9,0
4/16/19,60.6,50,69.6,25,9.5,29.9,0.01
4/17/19,58.8,49.3,72.1,13,5.6,30.1,0
4/18/19,58.9,52.2,80.6,13,4.8,30,0
4/19/19,56.5,53.8,91.1,15,6.5,29.9,0
4/20/19,57.1,51.9,83.1,10,5.8,29.9,0
4/21/19,58.5,45.8,63.8,14,5.8,30,0.01
4/22/19,59.1,51.8,77.5,15,5.2,29.9,0
4/23/19,60.8,53.1,77.2,16,6,29.9,0
4/24/19,59,55.4,88.1,15,6.7,29.9,0
4/25/19,56.8,55.3,94.9,9,4,30,0
4/26/19,55.6,54.2,95.1,9,3.6,30,0
4/27/19,56.7,53.2,88.3,12,4.8,28.8,0
4/28/19,57.4,54.2,89.5,8,3.1,25.7,0
4/29/19,57.4,53.5,87.4,10,5.2,12.4,0.07
4/30/19,59,49.4,71.6,12,4.3,29.9,0
5/1/19,57.6,51.2,80,13,5.4,30,0
5/2/19,58.1,52.6,82.4,13,5.7,29.9,0
5/3/19,58.2,52.9,83.2,14,6,29.9,0
5/4/19,57.6,53.1,85.3,16,6.6,29.9,0
5/5/19,57.4,50.8,79.3,10,5.9,29.9,0
5/6/19,59.7,51.1,73.6,14,5.9,29.9,0
5/7/19,58.2,49.6,73.7,10,4.4,30,0.03
5/8/19,58.3,51.2,78.2,9,4,29.9,0
5/9/19,59.4,53,79.6,7,2.4,29.8,0
5/10/19,61.4,53.5,75.7,10,5.2,29.9,0
5/11/19,61.2,54.2,79.1,10,4.6,29.9,0.01
5/12/19,61.6,55.9,81.9,10,6.9,29.9,0
5/13/19,60.1,55.6,85.2,9,4.5,30,0
5/14/19,60.2,55.9,86.1,13,4.5,30,0
5/15/19,59.3,54.2,83.6,10,4.1,29.9,0
5/16/19,59.5,51,76.8,22,11.3,29.9,0.78
5/17/19,61.5,43.7,53.6,28,13.4,30,0.14
5/18/19,56.5,49,77,12,4.8,29.9,0
5/19/19,55.4,51.3,87.3,18,6.7,29.9,0.58
5/20/19,60.6,48,64.4,26,12.5,29.9,0.34
5/21/19,59.9,45.5,60.6,23,12.1,29.9,0
5/22/19,61.5,44.6,54.8,21,13.6,29.7,0
5/23/19,56.9,50.7,80.2,12,6,29.9,0
5/24/19,58,51.3,79.6,16,6,29.9,0
5/25/19,58.4,52,80,12,7.2,29.9,0
5/26/19,56.9,48.4,73.4,18,7.2,29.9,0
5/27/19,61.1,45.7,58.6,21,11.6,30,0
5/28/19,58.9,51.1,76.5,10,6.3,29.9,0
5/29/19,59.2,52.6,79.8,12,5.4,29.8,0
5/30/19,59.1,54.4,84.4,12,7.1,29.9,0
5/31/19,57.4,53.5,87.1,10,6.3,29.9,0
6/1/19,57.8,54.7,89.7,7,2.2,29.9,0
6/2/19,59.7,54.9,84.6,10,3.6,29.9,0
6/3/19,58.9,55,87.1,13,6.4,29.9,0
6/4/19,58.7,55.4,89.3,12,5.6,29.9,0
6/5/19,58.7,55.9,91,10,4.6,29.9,0
6/6/19,58.9,55.8,89.6,10,6.4,29.9,0
6/7/19,60.4,54.6,82.3,12,5.1,29.9,0
6/8/19,61.1,54.9,80.8,13,5.7,29.9,0
6/9/19,62.3,56.9,83.1,17,5.7,29.9,0
6/10/19,67.1,59.4,77.9,14,6.7,30,0
6/11/19,67,59,77.5,12,5.8,29.9,0
6/12/19,63.4,59.2,86.9,13,6.6,29.9,0
6/13/19,61.8,56.3,82.5,17,8.1,29.9,0
6/14/19,61.1,56.2,83.9,12,5.7,29.9,0
6/15/19,61.4,56.7,84.9,10,4.6,29.9,0
6/16/19,59.9,55.2,84.5,9,3.7,29.9,0
6/17/19,60.9,56.5,85.8,7,3.2,29.9,0
6/18/19,63,56.8,80.6,12,5.1,29.9,0
6/19/19,62.9,57.7,83.4,14,4.9,29.9,0
6/20/19,62.7,57.7,84,9,4.3,29.9,0
6/21/19,62.1,56.7,83,12,5.6,29.9,0
6/22/19,61,55.5,82.8,14,4.9,29.9,0
6/23/19,61.8,57.1,85.1,14,6.9,29.9,0
6/24/19,61.2,58.1,89.7,12,6.9,29.9,0
6/25/19,61,57.4,88.2,7,5.5,29.9,0
6/26/19,63.4,56.7,79.4,10,4.3,29.9,0
6/27/19,63.4,56.5,79,10,5.3,30,0
6/28/19,63.2,57.3,81.8,14,5.7,30,0
6/29/19,64.7,57.1,78,9,4.2,29.9,0
6/30/19,65.4,57.2,76.5,10,5.2,29.9,0
7/1/19,65,57.3,77,10,5.1,29.9,0
7/2/19,65.4,57.1,75,10,6.7,29.9,0
7/3/19,64.8,56.5,75.1,10,5.9,29.9,0
7/4/19,63.4,55.5,76.3,10,4.8,29.9,0
7/5/19,62.3,56.4,81.6,12,6.2,30,0
7/6/19,61.3,57.3,86.9,10,6.4,30,0
7/7/19,62,57,84,14,6.5,29.9,0
7/8/19,61.8,55.4,80.6,13,4.5,30,0
7/9/19,62.3,55.6,79.4,13,5.6,30,0
7/10/19,61.6,56.9,85.1,9,4.1,30,0
7/11/19,64,58.2,81.9,12,5.4,29.9,0
7/12/19,64.9,58.4,80,9,5.5,29.8,0
7/13/19,63.2,59.1,86.7,8,5.2,29.8,0
7/14/19,60.9,58.4,91.7,15,4.7,29.9,0
7/15/19,63.6,59.8,87.8,10,4.8,29.9,0
7/16/19,66,59,79.2,9,4.5,29.8,0
7/17/19,65.4,59.3,81.1,12,5.1,29.9,0
7/18/19,63.6,58.6,84.4,12,5.7,29.9,0
7/19/19,63.1,57.6,83.1,16,5.3,29.9,0
7/20/19,62.1,56.6,82.9,15,5.9,29.9,0
7/21/19,62.8,57.6,83.8,14,4.9,29.9,0
7/22/19,63.2,59,86.4,9,5.7,29.9,0
7/23/19,64.2,59.5,86.6,13,4,29.9,0
7/24/19,69,59.6,73.9,9,5.2,29.9,0
7/25/19,68,59.7,76.3,13,5.3,29.9,0
7/26/19,67.5,59.5,76.9,13,5.6,29.9,0
7/27/19,66.7,58.8,77.2,8,4,29.9,0
7/28/19,63.3,59.1,86.7,10,6.3,29.9,0
7/29/19,63.2,58.4,84.9,9,5,29.9,0
7/30/19,65.4,58.2,78.6,9,5.2,29.9,0
7/31/19,65.3,57.3,76.3,12,5.5,29.9,0
8/1/19,64.2,58.5,82.9,10,5.3,30,0
8/2/19,65.8,59.2,80.5,12,5.3,29.9,0
8/3/19,64.4,59,84,9,4.3,29.9,0
8/4/19,63.7,59,85.5,10,5.7,29.9,0
8/5/19,64.5,59.1,83.8,10,4.6,29.9,0
8/6/19,63.9,57.9,81.8,14,5.3,29.9,0
8/7/19,61.3,57,86.3,12,6.2,29.9,0
8/8/19,61.3,57.8,89,10,4.4,29.9,0
8/9/19,65.5,56.8,74.7,9,5.3,29.9,0
8/10/19,65.3,57.8,77.8,13,5.6,29.9,0
8/11/19,64.2,58.3,81.9,9,4.9,29.9,0
8/12/19,63.1,59.1,87.4,13,6.8,29.9,0
8/13/19,61,58.6,92.2,12,6.8,29.9,0
8/14/19,59.8,57.3,91.9,10,5.1,29.9,0
8/15/19,60,57.7,92.8,9,5.9,29.9,0
8/16/19,62.5,59.1,89.1,13,7,29.9,0
8/17/19,63.1,58,83.9,13,5.3,29.9,0
8/18/19,64.7,57.9,79.2,14,4.7,29.9,0
8/19/19,64.8,57.9,79.1,12,5.5,29.9,0
8/20/19,65.8,58.6,78.7,9,4.2,29.9,0
8/21/19,66.6,59.2,78.1,10,4,29.8,0
8/22/19,66,61.2,84.8,14,5.7,29.8,0
8/23/19,67.3,62,83.5,9,3.8,29.8,0
8/24/19,64.8,59.5,83.5,14,4.3,29.9,0
8/25/19,64.8,60.9,87.7,10,3.4,29.9,0
8/26/19,68,60.9,79.2,10,4.6,29.8,0
8/27/19,67.2,60,78.9,8,4,29.8,0
8/28/19,65.7,61.1,85.4,9,4.1,29.9,0
8/29/19,69.5,61.9,78,9,4.7,29.9,0
8/30/19,69.8,61.8,76.3,10,4.7,29.9,0
8/31/19,68,61.6,80.9,14,5.4,29.9,0
9/1/19,66.3,61.8,85.7,13,5.4,29.9,0
9/2/19,69.1,64.1,84.7,10,5.2,29.9,0
9/3/19,69.8,62.2,78.3,9,4.4,29.9,0
9/4/19,69.4,61.5,77.5,8,3.5,29.8,0
9/5/19,69.5,61.6,77.2,9,4.5,29.9,0
9/6/19,69.4,61.2,76.2,12,4.9,30,0
9/7/19,71.6,56.6,62.5,14,6,29.9,0
9/8/19,70,54.1,60,23,6.8,29.8,0
9/9/19,64.3,58.4,81.3,10,4.4,29.8,0
9/10/19,66.2,57.2,74.3,10,5.4,29.9,0
9/11/19,65.3,57,75.7,14,4.9,29.9,0
9/12/19,66.4,60.4,82.7,13,4.6,29.9,0
9/13/19,67.5,61.1,82.4,12,3.6,29.9,0
9/14/19,70.1,60.5,73.3,12,4.2,29.9,0
9/15/19,65.6,61.9,88,7,4.7,29.9,0
9/16/19,67.3,59.4,76.9,12,5.3,29.9,0
9/17/19,67.1,60,78.8,9,4.9,29.9,0
9/18/19,65.5,56.4,73.3,8,4.2,29.9,0
9/19/19,68,57.8,70.6,13,6,29.8,0
9/20/19,65.7,56.3,72.5,12,4.5,29.8,0
9/21/19,67,56.9,71,13,4.7,29.8,0
9/22/19,68.3,57.1,70.1,7,3.5,29.8,0
9/23/19,65,60,84,9,3.9,29.9,0
9/24/19,65.8,60.9,84.7,12,5,29.9,0
9/25/19,68.7,63.8,84.8,17,8.1,29.8,0
9/26/19,70.8,62.9,76.5,12,7.7,29.9,0
9/27/19,67.8,60.3,77.1,10,5.7,29.9,0
9/28/19,67.7,52.5,60.4,15,6.3,29.8,0
9/29/19,63.3,40.9,47.3,18,7.2,29.8,0
9/30/19,63,40.7,47.5,22,7,29.8,0
10/1/19,61.1,44,55,9,4,29.8,0
10/2/19,61.4,45.8,59.9,12,4.2,29.9,0
10/3/19,61,49.6,67.3,9,3.3,29.9,0
10/4/19,61,52.5,74.6,8,3.2,29.9,0
10/5/19,62,49.9,67,10,3.3,30,0
10/6/19,62.9,52.4,70.5,9,3.7,30,0
10/7/19,59.8,54.4,83,13,3.8,29.9,0
10/8/19,61.6,56.5,84.1,12,5.8,29.8,0
10/9/19,61.9,55.3,79.2,10,5.8,29.8,0
10/10/19,62.8,50.2,65.7,13,4.7,29.9,0
10/11/19,63.7,29.4,35,12,2.5,29.9,0
10/12/19,61.6,33.1,39,13,2.8,29.8,0
10/13/19,58.4,47.6,68,8,3.5,29.8,0
10/14/19,60.6,52.3,74.7,13,5.5,29.9,0
10/15/19,60.9,53.4,78.1,9,4.1,29.9,0
10/16/19,62.2,55,78,8,2.7,29.9,0
10/17/19,66.2,51,61.7,15,7,29.8,0
10/18/19,69.3,38.1,33.3,21,9.6,29.9,0
10/19/19,70,44.5,42.3,15,7.9,29.9,0
10/20/19,71,47.1,43.8,9,4,29.9,0
10/21/19,66.6,48,56,10,3.8,30,0
10/22/19,68,48.2,56.3,8,2.4,30,0
10/23/19,65.2,49.3,61.5,7,2.2,29.9,0
10/24/19,69.8,39.5,41.1,6,2.2,29.9,0
10/25/19,68.3,32.9,34,12,3.4,29.9,0
10/26/19,63.5,46,57.8,7,2.5,29.8,0
10/27/19,60.1,53.3,78.6,12,4.5,29.8,0
10/28/19,57.8,46.3,67.8,13,3.9,29.9,0
10/29/19,56.4,44.4,65.3,10,4,29.9,0
10/30/19,58.2,37.9,52.7,13,3.8,30.1,0
10/31/19,54.3,25.8,38.1,13,3.3,30.1,0
11/1/19,54.3,29.2,44.3,12,2.7,30.1,0
11/2/19,56.7,29.5,41.5,10,2.7,30,0
11/3/19,55.5,47.9,77.7,8,2.5,29.9,0
11/4/19,53.4,48.7,85.7,12,1.9,29.9,0
11/5/19,56.2,50.1,81.6,12,3.2,30,0
11/6/19,55.7,52.8,90.7,10,3.8,29.9,0
11/7/19,59.3,53.3,80.9,14,4.7,30.1,0
11/8/19,55.7,50.3,84.6,8,1.6,30.1,0
11/9/19,57.3,51.1,82.8,9,1.7,30,0
11/10/19,53.8,50,87.9,7,2.4,29.9,0
11/11/19,59.4,54.9,85.5,9,4.5,30,0
11/12/19,59.1,55.5,88.3,13,4.1,30,0
11/13/19,58.4,53.1,83,14,5.7,30,0
11/14/19,58.9,52.3,79.6,12,5.2,30.1,0
11/15/19,56.8,51.4,82.8,9,2.6,30,0
11/16/19,57.6,50.6,79.7,7,2,29.9,0
11/17/19,63,38.5,48.3,12,3.4,29.9,0
11/18/19,61.1,43.2,57.9,10,2.1,29.8,0
11/19/19,55.3,46.5,73.4,13,4.7,29.7,0
11/20/19,57.6,46.4,67.3,15,7.5,29.6,0
11/21/19,55.6,46.1,71.7,9,2.9,29.9,0
11/22/19,55.5,46.9,73.6,8,1.7,30.1,0
11/23/19,57,40,57.5,12,3.1,30.1,0
11/24/19,54.8,39.6,60.5,10,2.2,30,0
11/25/19,57.6,35,53.2,18,6.7,29.8,0
11/26/19,55,30.5,41.3,9,3.7,29.9,0
11/27/19,50.4,44.5,81.5,16,8.3,29.6,0.34
11/28/19,47.1,41.8,83.1,17,5.4,29.6,0.81
11/29/19,46,38.2,76,15,4.3,29.9,0
11/30/19,48.7,42.9,81.2,16,5.5,30.1,0.01
12/1/19,54.9,44.3,68.6,14,7,30.1,0.06
12/2/19,53.5,44.5,73.1,8,1.9,30.1,0
12/3/19,55.5,48.5,78.6,10,2.8,30,0
12/4/19,58.8,54.9,87.1,17,8.7,29.9,0.43
12/5/19,57.6,52.3,83,10,5.1,30.1,0.33
12/6/19,56.5,52.3,86.4,18,7.3,30.1,0
12/7/19,58.9,57.4,94.6,12,6,30.1,0.13
12/8/19,58,56.1,93.4,20,5,30,0.26
12/9/19,54.4,47,77,12,3.5,30,0.24
12/10/19,51.5,46.8,85,7,1.8,30.2,0
12/11/19,54.7,47.5,78.4,8,3.3,30.2,0
12/12/19,58.1,52.7,83,8,4,30.1,0
12/13/19,59.8,52.4,78.8,13,3.1,30.1,0
12/14/19,59.4,46.4,63.4,23,8.6,29.9,0
12/15/19,55.3,30.2,40,16,9.3,30.1,0
12/16/19,49.6,34.5,59.7,6,1.7,30.2,0
12/17/19,49.4,33.3,57.3,13,4,30.1,0
12/18/19,51.2,38.2,63.2,12,4.8,30,0
12/19/19,51.5,40.1,67.2,7,2.9,30.1,0
12/20/19,51.6,35.8,60.7,7,1.8,30.2,0
12/21/19,54.7,37.2,54.2,12,4.9,30,0
12/22/19,56,49.6,81,22,11.3,29.9,0
12/23/19,51.3,48.9,91.7,8,2.9,29.8,1.66
12/24/19,49.1,40.3,74.1,10,4.7,29.9,0.1
12/25/19,50.5,44.5,80.7,24,10.3,29.8,0
12/26/19,49,40.3,73.8,12,4,29.8,1.02
12/27/19,49.7,34.6,58.3,15,5.4,29.9,0
12/28/19,46.9,39.1,75.2,7,2.6,30.1,0
12/29/19,50,44.7,82.8,8,3.3,30.1,0
12/30/19,52.9,46.3,79.3,12,4.3,30,0.08
12/31/19,51.7,44,77.8,8,2.4,30,0.04
1/1/20,53,44.7,75.4,10,3.9,30,0
1/2/20,58,45,63.7,18,4.5,29.9,0
1/3/20,52.7,43.4,72.7,10,2.5,30.2,0
1/4/20,49.4,45.6,87.2,7,2.2,30.3,0
1/5/20,53,39.2,67.7,24,5.4,30.3,0
1/6/20,54.7,34.4,53.3,10,2.6,30.2,0
1/7/20,51.1,37.3,64.5,9,3,30.1,0
1/8/20,54.5,36.3,52.4,22,7,30,0
1/9/20,54.2,38,55,22,9.3,23,0
1/10/20,49.3,39.8,71,9,3.5,21.4,0
1/11/20,50.9,39.3,67.7,16,4.1,30.1,0
1/12/20,49.8,40.2,70.3,9,3,30,0
1/13/20,48.3,40,74.2,10,3,30.1,0
1/14/20,50,42.3,75.9,8,3.8,30.1,0
1/15/20,48.4,43.3,83.4,7,2.6,30,0
1/16/20,49,45,87.3,10,3.5,30,0
1/17/20,47.6,40.3,77.5,7,3.2,30.2,0.5
1/18/20,48.4,41.3,77.9,6,1.9,30.2,0
1/19/20,52.3,40.3,68,8,1.8,30.1,0
1/20/20,54.7,48.1,78.7,8,2.9,30,0
1/21/20,54,49.9,86.7,12,3.6,30.1,0.04
1/22/20,56.8,48.8,76.1,14,5.3,30.1,0.01
1/23/20,54,48.5,83.8,9,2.8,30.1,0
1/24/20,56.9,45.8,70.7,15,3.2,30,0
1/25/20,53.6,49.7,88,9,3,30,0
1/26/20,55.8,51.8,86.8,8,4,30.1,0
1/27/20,60.2,40.8,52.3,14,7,30.2,0
1/28/20,60.1,36,42.6,21,8.7,30.1,0
1/29/20,58.1,35.2,44.9,10,4.8,30.1,0
1/30/20,54.3,41.9,64.8,7,2.6,30.1,0
1/31/20,58.5,42.4,60.6,8,3.2,30.2,0
2/1/20,56.8,45.9,71.2,8,2.6,30.1,0
2/2/20,53.7,46.3,81,24,5.6,29.9,0
2/3/20,51.9,17.8,27.4,20,11.5,30,0
2/4/20,46.3,24.8,45.7,12,3.9,30.1,0
2/5/20,46.8,34,62.9,9,2.9,30.1,0
2/6/20,49.7,40.2,71.5,8,3.1,30.1,0
2/7/20,50.3,44.1,80.5,8,2.6,30.1,0
2/8/20,50.4,48.1,92.1,7,2.3,30,0
2/9/20,55,41.8,63.3,16,6.6,29.8,0
2/10/20,60.6,24.7,28,17,10.1,29.9,0
2/11/20,53.6,35.1,50.7,13,4.8,30,0
2/12/20,50.5,43.6,77.8,14,4.7,30,0
2/13/20,51.4,46,82.8,10,3.3,30,0
2/14/20,51.1,45.6,82.3,8,2.6,30,0
2/15/20,52.8,47.3,82.4,8,3.3,30.1,0
2/16/20,52.3,48.1,86.7,9,3.4,30,0
2/17/20,52.2,48.1,87.6,7,2.6,29.9,0
2/18/20,53.9,51.5,92.3,13,5.5,29.9,0
2/19/20,52.2,49.1,89.8,8,3.8,30,0
2/20/20,54.6,45.8,76.3,8,3.5,30,0
2/21/20,57.8,45.3,66.5,12,5.2,30,0
2/22/20,57.5,48.6,72.4,15,6.3,30,0
2/23/20,54.5,45.5,73,12,4.1,30.2,0.03
2/24/20,56.3,43.9,69.4,12,3.9,30.1,0
2/25/20,59.1,38,50.4,13,3.5,30.1,0
2/26/20,58.2,34.7,49.6,12,3.1,30.2,0
2/27/20,59.5,36.8,46.6,7,3,30.1,0
2/28/20,63.5,36.8,43.1,10,3.5,30.1,0
2/29/20,58.1,46.7,66.2,9,4.6,30,0
3/1/20,51.8,39.3,64.5,22,9.2,29.9,0
3/2/20,56.8,32.8,48,16,6.5,29.9,0.14
3/3/20,55,40,61.9,14,5,29.9,0
3/4/20,54,50.3,88.1,12,4.9,30.1,0
3/5/20,56.6,51.4,83.1,17,6.1,30.1,0
3/6/20,55.2,49.8,82.3,14,6.2,30,0
3/7/20,54.2,47.1,77.4,12,5.7,30,0
3/8/20,53,42.7,69.6,9,4.2,30,0
3/9/20,57.8,43.8,60.3,13,4.8,30,0
3/10/20,59.6,56.1,88.3,20,9.7,29.9,0
3/11/20,59.5,55.7,87.9,13,6.3,30,0.64
3/12/20,55.7,51.9,87.4,13,3,29.8,0.01
3/13/20,55.4,52.3,89.8,8,4.2,29.9,0
3/14/20,55.3,50.6,84.1,12,6.6,30.1,0.06
3/15/20,54.1,49.1,83.5,10,5.1,30.1,0.2
3/16/20,51.7,47.5,86,20,10.7,29.9,0.21
3/17/20,48.7,40.8,75.7,9,4.2,29.9,0.92
3/18/20,51.7,37.8,62.3,23,9.1,29.8,0.13
3/19/20,52,42.6,71,10,5.5,30,0
3/20/20,54.8,48.3,79,15,4.8,30.1,0.02
3/21/20,55.4,49,79.9,10,4,30.1,0.01
3/22/20,56.1,51.3,84.5,17,9.5,30,0
3/23/20,55.9,50.5,83,16,6,30.1,0.64
3/24/20,54.7,46,73.7,25,8.1,30.1,0
3/25/20,53.5,41.9,65.7,21,6.9,30,0
3/26/20,51.6,35.7,55.7,26,10.2,30,0
3/27/20,54,37.4,55.1,24,7.8,30.1,0
3/28/20,53,43.3,70.3,10,3.5,30.1,0
3/29/20,56.3,45.9,69.3,26,9.7,30.1,0
3/30/20,54.8,47.5,77.8,12,3.7,30.1,0
3/31/20,57.1,49.4,76.8,9,3.1,30,0
4/1/20,58.4,50.6,76.2,16,6.4,29.8,0
4/2/20,57,45.1,65.9,15,5.1,29.9,0
4/3/20,55.4,43.5,65.5,14,4.9,29.9,0
4/4/20,55.6,46.7,73,12,5.3,29.9,0
4/5/20,54.4,51.5,90,20,10,29.8,0
4/6/20,54.5,49.8,85,17,6.6,29.8,1.22
4/7/20,51,43.4,76.6,10,3.4,30,0.01
4/8/20,53.1,46.2,78,9,5.6,30,0.3
4/9/20,51.6,47.5,85.7,13,6.3,30.1,0.17
4/10/20,52.7,47.1,82.5,10,3,30,0.36
4/11/20,59.3,50.9,74.4,20,7.1,29.9,0
4/12/20,57.6,52,82.1,10,4.3,30,0
4/13/20,58.2,50.1,74.8,12,4.3,30.1,0
4/14/20,58.1,52.3,82.1,8,3.2,30.1,0
4/15/20,61.2,51.4,73.2,9,4.2,30,0
4/16/20,58.5,53.2,83.3,9,5.6,29.9,0
4/17/20,59.5,51.9,76.6,10,5.4,29.9,0
4/18/20,58.8,49.9,72.9,15,4.8,30,0
4/19/20,57,49.3,75.9,14,5.6,30,0
4/20/20,58,49.1,73.2,18,7.3,30,0
4/21/20,66,47.9,54.2,22,11.8,30.1,0
4/22/20,68.6,50.6,56.8,24,8.2,30.1,0
4/23/20,81.1,49.4,33.8,22,13.4,29.9,0
4/24/20,69.9,52.5,57.9,18,6.3,29.9,0
4/25/20,64.5,56.5,76.9,9,4.5,29.9,0
4/26/20,63.6,56.4,78.5,9,4.8,29.9,0
4/27/20,62.8,56.3,79.7,12,5,29.9,0
4/28/20,62.8,55,76.9,8,3.9,29.9,0
4/29/20,59.9,57.5,91.8,12,5.3,29.9,0
4/30/20,60.8,56,86.8,16,4.3,29.9,0
5/1/20,67.3,49,55.8,22,9,29.9,0
5/2/20,67,49.6,55.8,20,8.5,29.9,0
5/3/20,64.7,53,67.4,9,5.8,30,0
5/4/20,63.7,52.7,69.6,10,4.9,29.9,0
5/5/20,65,51.1,63.7,20,5.8,29.9,0
5/6/20,63.6,54.3,72.9,10,4.3,29.9,0
5/7/20,64.6,52.2,69,14,4.4,29.8,0
5/8/20,61.5,56.8,85,10,4.2,29.9,0
5/9/20,59.2,55.8,89,14,5.3,29.9,0
5/10/20,57,54.1,90.4,12,4.3,29.9,0
5/11/20,58.6,53.3,83.5,17,7.2,30,0
5/12/20,60.6,50.8,71.2,20,6.7,29.9,0
5/13/20,64,46.8,56.1,17,7.4,29.9,0
5/14/20,69,50.1,53.5,23,10.5,29.9,0
5/15/20,69.3,50.3,52.3,24,12.3,29.9,0
5/16/20,63,53.5,71.7,9,5.3,29.8,0
5/17/20,62,56,81.3,18,9,29.9,0
5/18/20,61.9,56,82.3,20,9.5,29.9,0.05
5/19/20,62.3,45.6,54.6,28,15.6,30,0
5/20/20,61.9,49.1,64.4,9,5.5,30,0
5/21/20,61.3,51.6,72.5,9,4.4,29.9,0
5/22/20,61,53.1,76,10,5.9,29.8,0
5/23/20,60,51.9,75.5,12,5.3,29.9,0
5/24/20,60,53.5,80,15,6.2,29.9,0
5/25/20,60.5,55.6,84.3,12,6,29.9,0
5/26/20,59.6,57.1,92.2,12,7,29.9,0
5/27/20,59.1,56.4,91.2,10,6,29.9,0
5/28/20,59.5,56.1,89.2,12,5.3,29.9,0
5/29/20,60.4,56.5,87.4,9,4.8,29.9,0
5/30/20,63.5,55.4,76,17,7.3,29.9,0
5/31/20,61.6,55.1,80.2,10,4.5,29.9,0
6/1/20,65.6,55.4,71.4,13,5,29.9,0
6/2/20,63.8,55.7,75.8,9,4.4,29.9,0
6/3/20,64.4,57.2,79.2,16,5.4,29.9,0
6/4/20,64.6,59.6,84.2,14,10.6,29.8,0
6/5/20,62.8,58,85.2,9,3.5,29.8,0.01
6/6/20,66.5,51.4,60,20,8.8,29.9,0.03
6/7/20,66.5,42.1,43.8,21,10.6,29.9,0
6/8/20,71.2,37.4,30.1,14,8.8,30,0
6/9/20,72.9,38.5,36.9,14,5,30,0
6/10/20,71.3,50.3,55,9,3.8,29.9,0
6/11/20,64.1,57.6,81.5,9,5.5,29.9,0
6/12/20,63.5,53.5,72.3,16,6.4,30,0
6/13/20,69.3,48.5,49.6,23,11.8,29.9,0
6/14/20,65.3,52.7,65.6,17,8.2,29.9,0
6/15/20,62.9,55.6,77.4,10,5.7,29.9,0
6/16/20,64,56.6,77.1,10,5.5,29.9,0
6/17/20,64.3,55.4,73.7,12,5.5,29.9,0
6/18/20,61.2,56,83.3,10,4.7,29.9,0
6/19/20,62.5,56.7,81.7,13,6.9,29.9,0
6/20/20,60.9,55.5,82.9,15,4.9,30,0
6/21/20,61.9,56.8,84,12,4.6,29.9,0
6/22/20,62.7,57.8,84.5,16,6.4,29.9,0
6/23/20,63.2,57.6,82.3,14,7.3,29.9,0
6/24/20,62,57.7,86.2,13,6.9,29.8,0
6/25/20,61.9,57.9,87.5,12,4.7,29.8,0
6/26/20,61.9,57.6,86.1,14,6.2,29.9,0
6/27/20,62.1,57.4,85.3,12,6.4,29.9,0
6/28/20,63.5,56.7,79.1,14,5.3,29.8,0
6/29/20,63.6,53.8,71.4,14,6.6,29.8,0
6/30/20,60.7,54.9,81.8,15,5.9,29.9,0
7/1/20,61.9,55.8,80.8,12,6.4,29.9,0
7/2/20,61.5,55,80.4,13,4.6,29.9,0
7/3/20,62.1,55,78.4,15,4.4,30,0
7/4/20,62.6,56.9,83.1,9,5.2,29.9,0
7/5/20,66.3,57.5,74.8,8,4.7,29.9,0
7/6/20,67.8,56.9,70,9,4.9,29.8,0
7/7/20,66.3,56.2,71.8,10,4.9,29.8,0
7/8/20,65.2,57.3,76.5,10,5.8,29.9,0
7/9/20,62.6,57.4,83.6,10,4.9,29.9,0
7/10/20,63.6,58.8,84.9,13,5.4,29.9,0
7/11/20,62.4,58.3,87.3,15,4.9,29.9,0
7/12/20,67.2,59,76.1,12,5.8,29.9,0
7/13/20,65.1,58.2,79.2,9,6.1,29.9,0
7/14/20,64.5,57.4,78.3,13,6.2,29.9,0
7/15/20,62.6,56.3,80.3,15,7,29.9,0
7/16/20,61.4,54.6,79.3,13,5.8,29.9,0
7/17/20,63.6,55.6,75.9,14,5.6,29.9,0
7/18/20,62.6,55.8,79,15,6.2,30,0
7/19/20,62.2,57,83.8,16,6.3,29.9,0
7/20/20,64.2,57.3,79.1,10,4.9,29.9,0
7/21/20,63.6,56.9,79.8,13,5.7,29.8,0
7/22/20,62,56.5,82.5,14,7.8,29.9,0
7/23/20,61.5,56.3,83.4,14,6.6,29.9,0
7/24/20,62.2,55.5,79.6,16,6.4,29.9,0
7/25/20,63.2,57.2,81.2,14,6.4,29.9,0
7/26/20,61.5,57,85.8,15,6.1,29.9,0
7/27/20,61.8,56.6,83.8,13,6.8,29.9,0
7/28/20,61.4,55.7,82.3,10,5.2,29.9,0
7/29/20,61.8,56.9,84.6,14,7,29.9,0
7/30/20,61.4,57.3,87.6,13,5.1,29.9,0
7/31/20,64.2,56.7,78,8,3.9,29.9,0
8/1/20,63.4,57.2,80.7,15,4.7,29.9,0
8/2/20,64.4,56.6,77.5,8,4.2,29.9,0
8/3/20,62.3,58,86.2,9,4.9,29.9,0
8/4/20,63.5,58.1,83.1,9,5.3,29.9,0
8/5/20,61.9,56.3,82.8,14,5.4,29.9,0
8/6/20,63.5,56.2,78,14,5.2,29.9,0
8/7/20,64.3,56.2,76.2,9,5.5,29.9,0
8/8/20,62.5,55.5,78.8,12,5.2,29.9,0
8/9/20,60.1,54.6,82.6,12,4.1,29.9,0
8/10/20,58.9,55.3,88.5,14,4.4,29.9,0
8/11/20,59.4,55.2,86.8,13,4.2,29.9,0
8/12/20,61.3,55.5,82.8,10,4.8,29.9,0
8/13/20,64.3,57.2,80.3,14,5.3,29.9,0
8/14/20,71.3,59.3,67.4,15,7.5,29.8,0
8/15/20,69.8,61,75.2,14,4.8,29.8,0
8/16/20,72.7,63.6,73.6,13,5.4,29.9,0
8/17/20,70.3,62.5,77.4,14,4.4,29.9,0
8/18/20,72.5,62.7,73,15,7.2,29.8,0
8/19/20,73.4,62.8,71,10,3.9,29.8,0
8/20/20,71.2,63.1,76.5,12,4.2,29.7,0
8/21/20,68.3,62,81.1,10,4.4,29.8,0
8/22/20,73.1,63.7,73.7,12,4.9,29.8,0
8/23/20,70.4,65.8,85.9,12,4.7,29.8,0
8/24/20,68.7,64.8,87.7,15,5.9,29.8,0
8/25/20,68.5,63.7,85.4,12,4.7,29.8,0
8/26/20,68.3,62.7,83,9,4.1,29.7,0
8/27/20,68.9,60.3,75.3,9,4.7,29.7,0
8/28/20,63.1,57.6,82.5,15,5.3,29.8,0
8/29/20,62.5,56.2,80.7,13,3.9,29.9,0
8/30/20,62.7,56.4,80.6,14,4.8,29.8,0
8/31/20,64.1,57.2,78.8,14,5.2,29.8,0
9/1/20,64.2,56.6,76.9,15,6.2,29.9,0
9/2/20,63.7,56.6,78.3,12,4.5,29.9,0
9/3/20,67.5,59.5,76.1,10,5.8,29.9,0
9/4/20,68.3,59.6,75.3,10,5.6,29.9,0
9/5/20,70.9,60,71.4,10,3.6,29.9,0
9/6/20,74.8,62.7,69.5,8,4.1,29.8,0
9/7/20,70.1,65.6,86.9,12,4.3,29.7,0
9/8/20,68.2,65.1,90,9,4.4,29.7,0
9/9/20,64.2,61.4,90.8,13,4.6,29.8,0
9/10/20,60.6,58.7,93.7,12,1.9,29.9,0
9/11/20,61.7,57.8,88.2,8,4.1,29.9,0
9/12/20,60.4,57.6,91.3,8,3.8,29.9,0
9/13/20,62.1,58.1,87.4,9,5.9,29.9,0
9/14/20,61.5,56.3,84.4,8,3,29.9,0
10/6/20,68.3,58.9,73.3,10,4.1,29.9,0
10/7/20,63.8,58.7,84.2,9,4.6,29.9,0
10/8/20,65.5,56.9,74.1,12,3.9,29.9,0
10/9/20,63.1,55,75.3,25,4.6,29.9,0
10/10/20,65.1,57.2,76.4,10,4.3,29.9,0
10/11/20,64.9,58.3,79.8,10,3.6,29.9,0
10/12/20,67,58,75.3,9,3.1,29.9,0
10/13/20,69.6,54.9,65,9,3,29.9,0
10/14/20,69.4,51,57,9,2.6,29.9,0
10/15/20,69.6,52.1,57.3,10,3.5,29.9,0
10/16/20,71,53.4,58.7,7,2.3,29.9,0
10/17/20,66.5,56.9,72,13,3.3,29.9,0
10/18/20,62.2,58.2,87,7,2.5,29.9,0
10/19/20,61.5,57.6,87.3,12,4.9,29.9,0
10/20/20,63.1,58.8,85.9,9,5.4,29.8,0
10/21/20,63.3,59.1,86.1,8,3.3,29.8,0
10/22/20,64.6,59,82.7,7,2.8,29.8,0
10/23/20,65.2,57.1,74.9,8,2.8,29.9,0
10/24/20,64.9,54.9,70.3,10,3.9,29.9,0
10/25/20,64.1,52.8,67,17,6.5,29.9,0
10/26/20,59.5,42.8,58.6,10,4.5,30,0
10/27/20,58.9,34.6,46.5,12,2.7,30,0
10/28/20,57.1,41.8,58.4,12,3.4,30,0
10/29/20,59.9,46.5,63.9,12,3.3,30,0
10/30/20,60.3,51.7,75.3,8,3.4,29.9,0
10/31/20,58.3,50.6,77.5,8,2.3,30,0
11/1/20,61,50.7,70.3,14,3.3,30.1,0
11/2/20,57.3,53.7,88,9,3.3,30,0
11/3/20,58.7,54.5,86.5,9,4.2,30,0
11/4/20,56.9,51.4,83.4,9,2.8,30,0
11/5/20,65.3,45.8,59.6,9,2.3,29.9,0
11/6/20,62.1,49.4,65.4,20,8.6,29.7,0
11/7/20,55.6,42.8,63,16,9,29.7,0
11/8/20,50.9,29.4,46.1,8,4,30.1,0
11/9/20,49.9,31.9,51.5,12,3.3,30.1,0
11/10/20,51.2,38.8,63.6,7,2.8,30,0
11/11/20,52.9,43.9,72.8,8,2.5,30,0
11/12/20,55.1,44.2,68.2,8,3.4,30.1,0
11/13/20,60,45.6,62,15,6.8,30.1,0
11/14/20,58.4,40,55.5,8,2.5,30.1,0
11/15/20,62.4,33.2,38.8,8,2.5,29.9,0
11/16/20,57.1,48.3,73.8,8,4.5,30,0
11/17/20,55.7,51.4,86.1,14,5.1,30.1,0
11/18/20,55.1,52.1,89.7,7,2.6,30.1,0
11/19/20,57,48,73.2,8,2.5,30.1,0
11/20/20,55.9,43.7,66.2,8,2.7,30,0
11/21/20,53.4,44.7,74.2,7,2.6,29.9,0
11/22/20,57.1,44.6,66.7,15,6.3,29.9,0
11/23/20,53.7,47.2,79.7,8,2.7,30,0
11/24/20,51.9,47,84,8,2.5,30,0
12/3/20,52.1,34.4,54,12,3.5,30.2,0
12/4/20,51,31.9,51.1,14,3.5,30.2,0
12/5/20,51.6,35.7,56.7,9,2.3,30.2,0
12/6/20,50.3,38.6,66.3,7,1.9,30.1,0
12/7/20,55,33.5,48,10,3.6,29.9,0
12/8/20,57.9,32.3,41.9,8,2.5,30,0
12/9/20,55.6,33,47.4,9,2.6,30,0
12/10/20,53,47.1,80.8,10,5.8,30,0
12/11/20,49.7,42.1,76.2,10,3.3,30.1,0
12/12/20,60.2,48.4,65.9,28,14,30,0
12/13/20,55.5,44.6,69.2,13,4.2,30.2,0
12/14/20,58.4,33.6,42.5,16,9.6,30.1,0
12/15/20,54.5,32.5,45.9,12,3.7,30.2,0
12/16/20,52.1,32.8,50.8,8,3,30.1,0
12/17/20,56.1,41.6,59.3,20,8.4,30,0
12/18/20,52.8,35,53.1,14,4,30.1,0
12/19/20,49.1,37.2,65.7,8,2.1,30.2,0
12/20/20,51.5,33.3,55,7,2,30.1,0
12/21/20,54.1,36.3,56.9,9,2.5,30,0
12/22/20,51,44.9,80.3,6,1.8,30,0
12/23/20,51,40.4,70.5,8,2,30.1,0
12/24/20,53,31.9,46.2,9,2.3,30.2,0
12/25/20,50.8,37.5,62,13,3.2,30.1,0
12/26/20,54.7,45.8,73.1,9,2.9,30.1,0
12/27/20,54.5,48.7,81.1,14,5.2,29.9,0
12/28/20,49.8,46.2,87.6,18,6,29.8,0.97
12/29/20,46.7,40.3,80.4,9,2,30.1,0.93
12/30/20,50.4,35.1,59.6,10,2.1,30.2,0
12/31/20,57.2,36.6,47.9,18,10.1,30,0
1/1/21,50,37.9,65.8,15,3.5,30.1,0
1/2/21,51.3,43.8,77,8,3.3,30.2,0
1/3/21,52.2,47.4,84.1,10,3.5,30.2,0
1/4/21,53.4,47.5,81.9,18,3.8,30.1,0
1/5/21,51.2,47,86.2,9,2.9,30.1,0
1/6/21,52.5,44.4,75.5,9,2.9,30.1,0
1/7/21,52.3,39.3,66.8,13,3,30.1,0
1/8/21,57.5,37.1,52.9,14,4,30.1,0
1/9/21,54.3,38.7,57.4,16,3.2,30.1,0
1/10/21,51.3,38.3,64.7,7,2.3,30.1,0
1/11/21,50.5,41,71.7,8,2.3,30.2,0
1/12/21,51.1,42.5,73.8,9,2.5,30.2,0
1/13/21,52.8,43,71.2,7,2,30.2,0
1/14/21,60.5,40.5,54.4,9,2.4,30.1,0
1/15/21,50.5,41.5,71.3,0,0,30,0
1/16/21,61.5,40.1,52.7,9,3.1,29.9,0
1/17/21,62.6,40.1,49.8,8,3,29.9,0
1/18/21,58.8,38,51.3,8,2.1,29.8,0
1/19/21,60.4,39.6,54.1,15,7.5,29.7,0
1/20/21,59.1,35,42.8,14,4.3,29.9,0
1/21/21,53.5,41,67,10,2.7,30,0
1/22/21,53,44.3,72.8,14,5.3,29.9,0
1/23/21,50.1,41.2,72,13,4.4,29.9,0
1/24/21,51.7,37.6,60.6,18,7.5,29.9,0.02
1/25/21,39.6,30.1,54,25,15.9,29.8,0.04
1/26/21,50,33.5,54.2,18,9.8,30,0.28
1/27/21,51.2,45.9,82.4,20,15.3,30,0.01
1/28/21,51.5,47.3,85.6,24,12.8,29.9,1.44
1/29/21,48.8,44.4,85.3,12,4.9,29.9,2.34
1/30/21,47.6,42,82.5,10,3.1,30.1,0.15
1/31/21,51.6,42.4,73.5,9,2.1,30.1,0
2/1/21,54,47,77.8,10,4.4,30.1,0
2/2/21,53.3,47.3,81.2,8,3.2,30,0
2/3/21,55.2,45.9,72.8,14,4.8,30,0
2/4/21,50.4,39.8,68.8,9,2.9,30.1,0
2/5/21,51.4,43.7,76.8,7,2.8,30,0
2/6/21,52.3,43.7,74.3,9,3,30,0
2/7/21,51,47.7,88.8,8,3.4,29.9,0
2/8/21,52.5,47.2,82,8,4.5,30,0
2/9/21,54.2,47,76.8,13,4.5,30,0
2/10/21,51.8,46.3,82.2,9,3.5,30,0
2/11/21,52,48,86.8,10,3.5,30,0
2/12/21,59.5,42.8,57.5,23,8.7,29.9,0
2/13/21,58.2,42.8,57.2,24,13.9,29.9,0
2/14/21,57.2,37,49.5,17,8.8,30,0
2/15/21,57.8,46.3,65.8,15,7.6,30,0
2/16/21,58.6,40.1,52.2,23,10.8,29.9,0
2/17/21,59.6,27.6,33.3,20,10.5,30,0
2/18/21,52.6,31.7,47.3,12,4.5,30.3,0
2/19/21,53.5,40.6,62.7,9,3.6,30.2,0
2/20/21,59.8,34,42.8,22,11.6,30.1,0
2/21/21,55.1,30.6,42,13,4.2,30.3,0
2/22/21,56.4,34.6,51.2,14,3.7,30.1,0
2/23/21,56.7,39.1,56.1,13,3.8,30,0
2/24/21,54.6,44.4,70.3,7,3.5,30,0
2/25/21,52.2,37.1,59,12,3.8,30.1,0
2/26/21,54,37.4,55.9,16,5.8,30,0
2/27/21,62.2,27.2,29.1,26,8.9,29.9,0
2/28/21,53.9,28.8,41.1,10,3.1,30.1,0
3/1/21,52.1,28.8,44.7,9,3.1,30.1,0
3/2/21,49.8,36.3,62.2,13,3.8,29.9,0
3/3/21,48.5,40.4,74.2,18,6.1,29.9,0
3/4/21,50,41.3,73.4,9,3.9,30.2,0.01
3/5/21,52.2,44.2,76.2,14,3.3,30.1,0
3/6/21,59.8,47,63.7,17,7.3,30,0
3/7/21,55,48.6,79,9,5.2,30,0
3/8/21,58.1,38.9,52.6,24,7.3,30.1,0
3/9/21,54.1,39.3,59,24,9.3,30.1,0
3/10/21,48.5,42.9,81.8,14,5.4,30,0.48
3/11/21,46.4,39.2,77.3,8,2.7,30,0.28
3/12/21,49.2,41.4,75.9,18,5.7,30.1,0
3/13/21,54.3,42.5,65.9,24,10.1,30.2,0.11
3/14/21,51.5,41.8,70.5,12,4.7,30.2,0
3/15/21,51.1,40.6,69.7,23,9.1,30,0.13
3/16/21,49.4,36.3,61.9,12,5.9,30,0.02
3/17/21,49.9,41.2,73.1,10,4.1,30.1,0
3/18/21,53.8,45.5,74.5,18,5.3,30.1,0
3/19/21,55.7,50.1,82.1,18,5.5,30.1,0
3/20/21,61.5,35.6,41.2,17,9.8,30.1,0
3/21/21,60.3,31.5,35.5,20,10.9,30.1,0
3/22/21,59.8,39.2,47.5,18,11.7,30,0
3/23/21,57.4,40.4,55,20,7.5,29.9,0
3/24/21,55.4,36.5,51,18,6.3,29.9,0
3/25/21,53.6,41.4,64.1,21,9.9,29.8,0
3/26/21,52.3,42,69.1,13,5,30,0
3/27/21,55.8,43.8,68,13,4.2,30.2,0
3/28/21,56.9,44.3,66.4,15,4.3,30.1,0
3/29/21,58.8,46,66.1,9,3.9,29.9,0
3/30/21,55.8,49.1,78.5,10,5.7,29.9,0
3/31/21,59.8,43.5,63.4,10,3.5,30,0
4/1/21,63.4,38.5,49.7,15,5.6,29.9,0
4/2/21,55,49.6,82.5,13,5.7,30,0
4/3/21,55.7,49.8,81.4,10,5.2,30.1,0
4/4/21,56.1,48.3,76.8,8,4.5,30,0
4/5/21,58.3,48.4,71.2,15,6.2,29.9,0
4/6/21,57,48.8,74.5,16,6.7,29.9,0
4/7/21,60.4,47.4,66.8,17,5.6,30,0
4/8/21,65.6,44,51,20,9.5,30,0
4/9/21,63,44,55.1,15,7.5,29.9,0
4/10/21,61.3,46.6,60.2,14,6.5,29.8,0
4/11/21,57.1,49,75.1,10,4.6,29.8,0
4/12/21,56.1,49.1,77.5,13,5.8,29.8,0
4/13/21,55.1,47.1,75.2,14,6.5,29.9,0
4/14/21,53,41.5,66.1,17,7.3,29.9,0
4/15/21,52.8,45.6,77.5,10,3.7,30,0
4/16/21,55.2,47.5,76.7,10,5.3,29.9,0
4/17/21,57.5,48.4,73,12,4.2,29.9,0
4/18/21,62.7,46.9,61.3,13,4.8,30,0
4/19/21,59,50.6,74.7,13,6.1,29.9,0
4/20/21,56.4,49.1,77,13,6.2,29.9,0
4/21/21,57,45.5,65.8,12,5.3,29.9,0
4/22/21,56.5,47.9,73.3,13,6.7,29.9,0
4/23/21,55.5,46.8,73.3,10,4.4,30,0
4/24/21,55.6,47.1,73.6,15,5.4,30,0
4/25/21,54.2,47.7,79.1,16,6.9,29.9,0
4/26/21,56.8,43.5,62,25,9.9,29.8,0.01
4/27/21,58.1,42.3,57.7,20,7.5,29.9,0
4/28/21,68.3,42.4,41.5,22,7.7,30,0
4/29/21,63.2,48.6,62.9,12,4.8,30.1,0
4/30/21,62.4,52.7,72.5,8,4.6,30,0
5/1/21,60,50.8,72.5,9,5.1,29.9,0
5/2/21,59,47.9,67.3,21,9.8,29.8,0
5/3/21,59.3,50.8,74.8,10,6,29.8,0
5/4/21,60,53.8,80.3,13,6.4,29.9,0
5/5/21,57.8,54.1,87.9,10,6.4,29.9,0
5/6/21,56.3,52.6,88.1,13,5.4,30,0
5/7/21,58.4,51.2,77.5,10,5.7,30,0
5/8/21,58,50.6,77.2,14,4.7,29.9,0
5/9/21,58,51.6,79.9,15,5.7,29.9,0
5/10/21,59.9,54.4,82.5,12,4.6,29.9,0
5/11/21,58.1,53,83.4,13,6.1,29.9,0.03
5/12/21,58.8,53.5,82.9,13,5.5,30,0
5/13/21,57.3,53.4,87.3,10,5.2,30,0
5/14/21,58.5,52.5,80.9,12,6.5,29.9,0
5/15/21,61.3,50.2,67.8,15,6.9,29.9,0
5/16/21,59.6,49.6,69.8,12,4.7,30,0
5/17/21,57.9,50.1,76.1,17,5.3,30,0
5/18/21,58.9,52,78.7,9,4.9,29.9,0
5/19/21,63.1,48.8,62.5,18,7.4,29.9,0
5/20/21,63.8,37.6,41.3,21,10.5,29.8,0
5/21/21,59.6,37.8,45.6,25,11.8,29.9,0
5/22/21,57,43.3,61.6,13,6.5,30,0
5/23/21,58.1,48.4,71.9,10,4.8,30.1,0
5/24/21,61.4,50.9,70.7,9,4.6,30,0
5/25/21,62.6,53.9,74,10,6.3,29.9,0
5/26/21,61.6,52.3,72.6,12,5.6,30,0
5/27/21,59.2,51.9,77.6,12,6.9,30,0
5/28/21,58.2,51.9,80,13,6.6,29.9,0
5/29/21,59.1,51.1,76,14,5.2,29.9,0
5/30/21,57.9,51,78.6,10,4.3,29.9,0
5/31/21,58.7,53.7,83.7,12,5.7,29.9,0
6/1/21,58.6,54.7,87.4,14,4.4,29.9,0
6/2/21,57,53.6,88.8,8,4.8,29.9,0
6/3/21,58.7,54.3,85.9,13,4.9,29.9,0
6/4/21,58.9,54.3,84.9,13,5.5,29.9,0
6/5/21,58.9,53.9,84.1,13,4.6,29.9,0
6/6/21,60.1,53.1,78.6,12,5.1,29.9,0
6/7/21,60.6,52.1,73.8,10,5.1,29.9,0.01
6/8/21,61.5,47.6,62.3,12,5.1,30,0
6/9/21,63.4,39.5,44.6,22,9,30,0
6/10/21,66.5,42,41.9,18,10.4,30,0
6/11/21,63.1,49.1,61.6,13,4.2,29.9,0
6/12/21,64.1,52.5,67.4,9,5.2,29.8,0
6/13/21,64.1,56.8,77.7,15,6.2,29.9,0
6/14/21,69.5,57.9,68.2,9,5.3,29.9,0
6/15/21,68.3,57.5,69.5,12,5.8,29.8,0
6/16/21,68.8,59.4,72.5,10,6.1,29.8,0
6/17/21,63.1,60.3,90.9,10,5,29.8,0
6/18/21,62.6,59.6,90.7,9,4.2,29.8,0
6/19/21,61.6,57.5,86.6,15,5.6,29.8,0
6/20/21,61.1,56.4,85,13,5.3,29.9,0
6/21/21,61.2,56,83.5,16,5.4,29.9,0
6/22/21,63.6,56.3,77.7,20,8.7,29.9,0
6/23/21,64,56.6,77.4,20,9.8,29.9,0
6/24/21,63.2,55.6,76.8,18,7.6,30,0
6/25/21,65,56.3,74,12,5.9,29.9,0
6/26/21,66.2,58.1,76.1,12,6.1,29.8,0
6/27/21,67.4,59.1,75.5,14,7.6,29.7,0
6/28/21,65.3,58.7,79.9,9,5.4,29.7,0
6/29/21,64.3,59.3,83.8,9,4.2,29.8,0
6/30/21,65,60.7,86.4,10,5.1,29.9,0
7/1/21,65.2,60.1,84.2,17,4.8,29.9,0
7/2/21,65.9,59.4,80.2,12,6.4,29.9,0
7/3/21,64.8,58.6,81.2,13,5.8,29.9,0
7/4/21,64.2,57.8,80.1,13,8.6,29.9,0
7/5/21,63.7,57.6,80.8,12,5.7,29.9,0
7/6/21,63.5,57.5,81,12,5.8,29.9,0
7/7/21,65.4,58.2,78.1,12,6,29.8,0
7/8/21,67.1,59,76.1,9,5.1,29.8,0
7/9/21,68.9,61.4,77.5,14,5.4,29.9,0
7/10/21,67.3,60.4,79.2,13,6.2,29.9,0
7/11/21,65.5,59.1,80.2,12,3.9,29.9,0
7/12/21,65.5,59.5,81.7,16,6.4,29.9,0
7/13/21,65.8,59.7,81.4,14,5.7,29.9,0
7/14/21,66.7,60.6,81.3,10,5.1,29.9,0
7/15/21,64.8,59.8,84.6,16,4.2,30,0
7/16/21,65.3,58.9,80.3,14,5.7,29.9,0
7/17/21,64.5,58.4,80.9,15,5.8,29.9,0
7/18/21,66.8,59.9,79.3,13,5.3,30,0
7/19/21,67.3,59.6,77.5,15,4.8,30,0
7/20/21,66.4,59.3,79.1,12,6.1,29.9,0
7/21/21,68.4,59.2,73.7,9,5.9,29.8,0
7/22/21,68.1,58.3,71.9,9,5.4,29.9,0
7/23/21,64,57.6,80.3,10,5.2,30,0
7/24/21,61.4,57.2,86.5,9,4.6,30,0
7/25/21,63.4,57.7,82.1,13,4.6,29.9,0
7/26/21,63,57.6,83,10,3.4,29.9,0
7/27/21,64.3,58.2,80.8,16,6,30,0
7/28/21,65.7,59.4,80.7,13,6.3,30,0
7/29/21,65.5,59.3,81.1,15,6,29.9,0
7/30/21,64.9,59,81.7,17,8.6,29.9,0
7/31/21,63.5,57.9,82.6,15,7,30,0
8/1/21,66,57.6,75.5,14,6.4,30,0
8/2/21,66.5,57.2,73.5,8,3.9,30,0
8/3/21,66.5,57.4,73.5,9,4.8,29.9,0
8/4/21,67.5,58,72.6,10,5.8,29.9,0
8/5/21,67,57.8,73.2,15,6.8,29.9,0
8/6/21,63,56.5,80.2,8,4.7,29.9,0
8/7/21,61.6,57.7,87.7,13,5.6,29.9,0
8/8/21,60.2,57.1,90.1,14,5.8,29.9,0
8/9/21,62.4,57.8,85.4,14,6.4,29.9,0
8/10/21,61.5,57.6,87.8,13,3.7,29.9,0
8/11/21,65.2,58.4,79.4,14,6.6,29.9,0
8/12/21,67.8,58,72.6,8,3.8,29.9,0
8/13/21,66.3,58.9,78.1,10,4.3,30,0
8/14/21,64.1,58.8,83.4,14,6,30,0
8/15/21,67,59.2,77.2,9,5.2,29.9,0
8/16/21,67.3,60.8,80.5,9,4.7,29.8,0
8/17/21,66.2,61,84,12,5.4,29.8,0
8/18/21,67,61.6,83.3,8,3.4,29.9,0
8/19/21,68.7,59.8,73.4,13,5.1,29.9,0
8/20/21,65.8,57.6,75.5,14,4.6,29.8,0
8/21/21,65.2,57.2,76,12,2.9,29.8,0
8/22/21,64.9,56.6,75.6,12,4.9,29.8,0
8/23/21,63.9,55.9,75.9,13,5,29.8,0
8/24/21,63.4,55.8,77.2,14,4.9,29.9,0
8/25/21,65.6,57.8,77.3,12,4.6,29.9,0
8/26/21,66,58,76.7,13,4.5,29.8,0
8/27/21,64.5,58.9,83.1,9,5,29.7,0
8/28/21,61.6,58,88.1,12,5.6,29.7,0
8/29/21,61.3,57.6,87.9,14,4.5,29.8,0
8/30/21,63.6,58.7,84.3,12,5.8,29.8,0
8/31/21,64.6,59.7,84.4,10,4.7,29.8,0
9/1/21,67.5,58.6,74.1,10,4.8,29.8,0
9/2/21,62.9,56.5,80.3,15,6.5,29.9,0
9/3/21,63.4,56.8,79.8,12,5.5,29.9,0
9/4/21,61.7,55.3,81.1,12,3.8,29.9,0
9/5/21,63.1,57,82.2,10,3.3,29.9,0
9/6/21,65.4,61,86.3,12,6.2,29.9,0
9/7/21,68.9,62.8,81.4,10,5.3,29.9,0
9/8/21,62.1,59.7,92,13,4,29.9,0
9/9/21,63.4,59.6,87.9,14,4.3,29.8,0
9/10/21,63.7,59.8,87.9,9,4.5,29.9,0
9/11/21,66.2,58.4,77.3,8,3.8,29.9,0
9/12/21,61.2,56.7,85.6,12,4.3,29.9,0
9/13/21,59.8,56.9,90.8,10,6.6,29.9,0
9/14/21,60.1,56,87.1,10,5.1,29.9,0
9/15/21,59.5,54.5,83.9,14,4.5,29.9,0
9/16/21,59.2,53.7,82.4,12,6.4,29.9,0
9/17/21,60.7,53.2,77.2,13,6.1,30,0
9/18/21,59.4,51.8,76.9,14,4,30,0
9/19/21,59.9,54.6,82.8,13,4.5,29.9,0
9/20/21,63.7,58,82,8,4.4,29.9,0
9/21/21,63,58.4,85.3,12,3.3,30,0
9/22/21,61.5,56.5,84.3,9,3.5,30,0
9/23/21,60.6,56.3,86,12,5.4,29.9,0
9/24/21,58.2,55.7,91.2,6,3,29.9,0
9/25/21,58.9,55.6,89.3,10,3.8,30,0
9/26/21,61.3,55.9,82.5,9,5.3,30,0
9/27/21,61.1,55.2,81.2,12,3.2,30,0
9/28/21,59.6,53.2,79.9,7,3.2,29.9,0
9/29/21,60.8,52.7,76.1,9,3.8,29.9,0
9/30/21,65.1,50,63.6,13,3.5,29.9,0
10/1/21,61.6,52.9,75.3,10,3.3,29.9,0
10/2/21,59.3,55.3,88,12,3,29.9,0
10/3/21,64.4,52.7,70.1,13,3.5,29.9,0
10/4/21,66.5,56.1,71,25,7.2,29.9,0
10/5/21,65.8,58.4,77.8,14,6.2,29.9,0.12
10/6/21,62,57,83.9,9,4.3,30,0
10/7/21,63,57.5,82.5,9,4.6,30,0
10/8/21,61.4,54,79.2,13,2.8,30,0.1
10/9/21,59.3,47.8,67.6,13,4,30,0
10/10/21,59.8,48.7,69.2,8,3.4,29.9,0
10/11/21,62.7,40.3,49.5,23,11.6,29.8,0
10/12/21,62.1,28.8,30.2,17,8,29.9,0
10/13/21,57.8,38.6,52.7,10,3.7,29.9,0
10/14/21,56.5,44.2,64.7,9,3.3,30,0
10/15/21,63.8,35.8,42.7,12,3.4,30,0
10/16/21,63.4,29.2,32.4,7,2.4,29.9,0
10/17/21,57.3,45.8,66.7,14,4.6,29.9,0
10/18/21,61.1,42.2,53,21,6.5,29.9,0
10/19/21,55.2,46,72,8,3.5,30,0
10/20/21,55.3,48.3,78.4,16,4.6,30.1,0
10/21/21,57.5,52.8,85.1,8,2.2,30.1,0
10/22/21,58.6,56,91.4,18,6.1,30,0
10/23/21,60.7,53.4,78.8,10,4.1,29.9,0
10/24/21,59,53,80.4,13,4.2,29.9,0
10/25/21,59.8,55.3,86.3,20,10.1,29.9,0.05
10/26/21,58.3,46.7,68.2,8,3.4,30.1,0.92
10/27/21,61.1,46.9,62.9,8,3,30.1,0
10/28/21,67.7,49.7,59.6,14,4.2,30,0
10/29/21,61.6,55.6,82.1,8,2.9,29.9,0
10/30/21,57.6,55.1,91.6,10,4.4,29.9,0
10/31/21,58.6,53.8,84.1,9,3.6,30,0
11/1/21,57.6,53.6,87.1,14,5.5,30.1,0
11/2/21,57.7,54.2,88.3,9,4,30.1,0
11/3/21,55.8,54.1,94.3,13,2.9,30,0
11/4/21,56.7,55.5,96,8,2.7,29.9,0
11/5/21,54.2,52.7,94.6,9,2.9,29.9,0
11/6/21,56.1,53.1,90.2,9,4.3,30,0
11/7/21,55.5,52.4,89.8,8,4.3,30,0
11/8/21,56.4,51.2,83.2,8,3.4,30.1,0
11/9/21,58.1,54.4,87.8,16,5,30.2,0
11/10/21,58.1,54,87.1,9,3.8,30.1,0.02
11/11/21,63.7,49.1,64.2,8,1.8,30.1,0
11/12/21,64,49.3,64.5,8,3,30,0
11/13/21,64.3,46.1,58.3,8,2,30,0
11/14/21,62.4,44.8,56.1,8,2.3,30,0
11/15/21,56.9,52.4,85.7,12,4.6,30,0
11/16/21,57.8,53.4,85.7,9,5.6,30,0
11/17/21,57,50.8,80.2,9,4.1,30,0
11/18/21,53.6,49.6,86.8,10,2.9,30.1,0
11/19/21,55.3,51.4,87.3,8,4,30.1,0
11/20/21,54.2,51,89.6,10,3.4,30,0
11/21/21,58,42.4,61.6,8,2.3,30.1,0
11/22/21,58.7,34.2,45,9,1.9,30,0
11/23/21,55.7,44.7,69.3,8,2.5,29.9,0
11/24/21,53.5,47.3,80.6,10,2.9,30.1,0
11/25/21,53.4,38.1,60.4,13,4.6,30.2,0
11/26/21,51.5,39.3,65.7,13,2.3,30.1,0
11/27/21,52.6,35.5,56.1,10,2.2,30.1,0
11/28/21,52.2,45.6,79.2,9,2.8,30.1,0
11/29/21,53.2,47.9,84.2,6,2.3,30,0
11/30/21,49.4,47.4,93,8,2.3,30,0
12/1/21,49.4,48.1,95.6,10,1.8,30,0
12/2/21,52.3,50,91.9,9,3.9,30.1,0
12/3/21,55.3,48.7,78.2,12,4.9,30.1,0
12/4/21,53,47.4,81.6,9,4.2,30.1,0
12/5/21,49.7,46,87.8,7,1.9,30.1,0
12/6/21,52.2,48.6,87.7,7,3.8,30,0
12/7/21,56.6,51.5,83.5,7,1.9,29.9,0.01
12/8/21,54.2,49.8,85.4,12,3.5,30,0
12/9/21,55.2,45.8,72.1,20,6.7,29.9,0
12/10/21,50,38.4,65.7,12,3.1,30.1,0.01
12/11/21,48.8,37.8,68.1,10,2.2,30.1,0
12/12/21,48,38.8,71.7,9,2.5,30,0
12/13/21,52.4,47,82.3,22,11.3,30,0
12/14/21,53.6,48.9,84.8,20,11.4,29.9,2.11
12/15/21,47.5,34.9,63.4,8,2.9,30.2,0.23
12/16/21,49.8,47.1,90.4,7,2.6,30.1,0
12/17/21,49.4,44.8,85.2,7,2.4,30.1,0.02
12/18/21,47.8,40.2,77.7,8,2.3,30.1,0
12/19/21,46.3,40.6,81.6,6,1.8,30.1,0
12/20/21,45.4,40.1,82.9,7,1.3,30.1,0
12/21/21,48.5,41.9,79.3,8,2.3,30.1,0
12/22/21,53,49.1,87.1,6,2.2,30,0
12/23/21,55.4,53.6,93.6,15,6.3,29.9,0.88
12/24/21,54.8,50.5,86.1,14,5.8,29.8,0
12/25/21,53,45.8,77.2,18,5.8,29.9,0.1
12/26/21,49.9,38.5,66,16,6.8,30,0.48
12/27/21,47,41.9,83.1,17,4.7,30,0
12/28/21,50.1,36.8,61.4,17,7.6,29.8,0.69
12/29/21,49.7,45.3,84.8,16,8.8,29.8,0
12/30/21,52.6,49.3,88.7,14,4.1,29.8,0.21
12/31/21,51.8,42.5,72.2,18,6.7,29.7,0.14
1/1/22,46.4,35.7,68.4,8,2.5,30.1,0
1/2/22,46,32.5,63.8,7,1.9,30.2,0
1/3/22,47.7,38,70.5,12,3.5,30.2,0
1/4/22,49.2,43.2,80.3,7,3.1,30.2,0
1/5/22,54.3,46.5,76.5,13,3,30,0
1/6/22,53.1,47.5,82.6,7,2.5,29.9,0
1/7/22,51.2,48.7,91.5,7,3.4,29.9,0
1/8/22,51.2,45.8,82.8,7,2.3,30,0
1/9/22,50.4,42.7,77.6,8,1.9,30.2,0
1/10/22,51.7,38,63.8,6,1.7,30.3,0
1/11/22,52.3,33.5,54.7,9,1.9,30.2,0
1/12/22,52.5,35.7,58,8,1.9,30.2,0
1/13/22,56.9,44.2,64.6,7,2.3,30.1,0
1/14/22,54.5,44.1,69.7,8,2.5,30.1,0
1/15/22,57.4,44,62.9,7,1.5,30.1,0
1/16/22,60.9,46.5,61.7,10,2.6,30,0
1/17/22,56.8,51.1,81.8,8,3,30,0
1/18/22,53.7,50.7,90.1,9,2.1,30,0.06
1/19/22,50.3,46.9,88.8,8,2.7,30.1,0
1/20/22,49.3,43.6,83,7,1.9,30.2,0
1/21/22,52.5,43.7,74,18,4.3,30,0
1/22/22,53.4,37.1,56.5,13,4.2,30,0
1/23/22,51.7,39.6,67.2,8,2.8,30.1,0
1/24/22,50.4,40.3,71.5,6,2.8,30,0
1/25/22,49.7,42.6,77.8,10,2.4,30,0
1/26/22,50.3,39.3,69.7,9,2.6,30.1,0
1/27/22,49.6,34.1,61.7,10,2.4,30.1,0
1/28/22,53,32.2,50.6,7,2.1,30.2,0
1/29/22,51.9,36.6,59,8,3,30.1,0
1/30/22,50.3,38.6,67.4,9,3.2,30.1,0
1/31/22,49,42.5,78.6,6,1.5,30.1,0
2/1/22,51.7,44.9,78.1,8,3.3,29.9,0
2/2/22,49,33,56.7,8,3.5,30,0
2/3/22,48.3,34,60.5,9,3.1,30.2,0
2/4/22,51.2,31.8,52.1,18,4.8,30.3,0
2/5/22,49.8,31.2,54.4,9,3.2,30.2,0
2/6/22,50.8,40.3,69,7,2.4,30.1,0
2/7/22,54,35.2,55.3,10,2.8,30.2,0
2/8/22,54.5,38.8,59.3,9,2.3,30.1,0
2/9/22,58.4,34.2,48.3,9,2.8,30.1,0
2/10/22,61.6,35.6,43.5,14,5,30,0
2/11/22,58.3,43.6,62.3,9,2.2,30,0
2/12/22,60.5,39.6,51.5,6,1.6,30.1,0
2/13/22,59.5,37.6,51.1,8,2.8,30.1,0
2/14/22,54.1,49.3,84,9,4.2,30,0
2/15/22,54.7,38.3,56.5,23,9.8,29.8,0
2/16/22,54.6,35.7,51.8,12,5.6,30,0.03
2/17/22,53.3,35.3,55.8,13,3.7,30.2,0
2/18/22,53.1,38.9,61,15,4.8,30.2,0
2/19/22,51.5,44.5,78,12,3.7,30.1,0
2/20/22,53.1,48.4,84.5,9,4.9,29.9,0
2/21/22,53.5,40.8,63.3,21,7.2,29.9,0
2/22/22,51.1,36.4,58,17,9.2,29.9,0
2/23/22,48,28.5,50.2,21,9.1,30,0
2/24/22,47.9,27.5,46.7,14,4.9,30.2,0
2/25/22,47.9,30.6,53.5,12,3.3,30.2,0
2/26/22,49.9,29.5,50.1,13,3.8,30.3,0
2/27/22,52.1,34.1,54.3,7,2.9,30.2,0
2/28/22,57,36.5,54,8,3.7,30.1,0
3/1/22,59,40.5,58,13,3.8,30,0
3/2/22,56.6,41.8,62.3,12,3.1,30,0
3/3/22,54.8,47.9,77.9,10,5.4,29.9,0
3/4/22,55.4,44.8,69.3,24,9.8,29.9,0.01
3/5/22,52.2,34.5,52.1,22,12,30.1,0
3/6/22,50.9,34,53.7,13,4.8,30.2,0
3/7/22,52.6,34.3,53.7,14,4.8,30.2,0
3/8/22,54,36.9,56.9,13,3.6,30.1,0
3/9/22,53.4,46,76.8,12,4.8,29.9,0
3/10/22,53.2,45,74.4,12,4.5,30,0
3/11/22,54.9,34.1,49.7,12,4.8,30.2,0
3/12/22,55.1,41.3,62.1,10,3.4,30.1,0
3/13/22,48.5,46,91.5,5,2.5,30.1,0
3/14/22,57,47.4,71.6,10,4.8,30.1,0
3/15/22,61.5,47.7,62.8,14,5.7,30.1,0
3/16/22,67.2,44.4,47.5,17,10.4,30,0
3/17/22,59.6,45.3,61.4,10,5.3,30,0
3/18/22,59.8,47.5,68.4,10,4.3,30,0
3/19/22,55.9,50.4,82.4,15,6.1,30,0
3/20/22,62,41.9,52.3,17,10.5,30,0
3/21/22,69.2,34.9,29.8,22,10.3,30,0
3/22/22,64.5,44.3,53.3,13,4.3,30,0
3/23/22,60.6,50.9,73.1,9,3.5,30.1,0
3/24/22,56.8,51,82.8,8,2.6,30,0
3/25/22,55.7,52.6,90.5,8,4.1,30,0
3/26/22,54.6,51.5,89.9,9,5.6,29.9,0
3/27/22,56.2,50.1,80.3,15,10.9,29.9,0
3/28/22,55.1,51.5,87.6,20,10.2,29.8,0.07
3/29/22,58.2,48.7,71.8,20,8.8,29.9,1.25
3/30/22,55.8,50.1,82.1,13,4.8,30,0
3/31/22,55.2,48.7,79.8,10,3.2,29.9,0
4/1/22,55.9,50.3,82.6,12,4.7,29.9,0
4/2/22,55.8,51.7,86.5,10,4.9,30,0
4/3/22,56.9,51.9,83.8,15,4.8,29.9,0
4/4/22,54.7,48.9,84.2,15,3.5,29.9,0
4/5/22,76.2,43,32.4,20,11.3,29.9,0
4/6/22,63.6,54.2,74.2,12,4.9,29.9,0
4/7/22,71.7,44.3,47.6,12,4.8,30,0
4/8/22,68.9,50.5,58.4,9,4.6,29.9,0
4/9/22,63.3,53.7,72.9,13,4.8,29.8,0
4/10/22,58.8,51,76,12,5.7,29.8,0
4/11/22,57.7,41.8,57.7,25,11.3,29.9,0
4/12/22,57.2,25,33,22,10.3,30,0
4/13/22,58.5,32.2,37.7,15,7.3,30.1,0
4/14/22,58.2,41.8,55.6,17,5.9,30,0
4/15/22,59.3,48.9,69.4,14,6.6,29.9,0
4/16/22,58.7,51.7,78,24,9.5,30.1,0
4/17/22,56.9,50.5,80.1,13,5.6,30.1,0
4/18/22,58.8,49.1,71.8,10,4.8,30,0
4/19/22,66.6,47.1,51.4,23,11.1,29.9,0
4/20/22,59.5,46.2,62.4,15,8.6,29.9,0
4/21/22,55.5,50.3,83.1,14,4.8,30,0
4/22/22,58.1,46.3,67,22,12,30,0.25
4/23/22,62.7,43.8,52.5,20,7.8,30,0
4/24/22,65.4,40.5,45.8,14,5.3,30,0
4/25/22,62.3,47.4,64.7,12,4.8,29.9,0
4/26/22,59.9,50.6,72,13,6,29.9,0
4/27/22,59,48.9,70.2,13,6.5,29.9,0
4/28/22,57.9,43.5,59.6,10,6,29.9,0
4/29/22,57.2,47.2,70.2,12,4.9,29.9,0
4/30/22,60.2,47.7,65.3,21,4.8,29.9,0
5/1/22,59.3,50.8,74,12,5.8,29.8,0